Sensor Name,usage_kWh,sensor_1,sensor_2,date,day_of_week_str,week_day,day_of_week_num
ZEM003 - CT01,0.69,ZEM003,CT01,2025-03-12,Wednesday,1,2
ZEM003 - CT01,2.3,ZEM003,CT01,2025-03-13,Thursday,1,3
ZEM003 - CT01,0.96,ZEM003,CT01,2025-03-14,Friday,1,4
ZEM003 - CT01,0.3,ZEM003,CT01,2025-03-15,Saturday,1,5
ZEM003 - CT01,0.3,ZEM003,CT01,2025-03-16,Sunday,1,6
ZEM003 - CT01,0.31,ZEM003,CT01,2025-03-17,Monday,1,0
ZEM003 - CT01,2.17,ZEM003,CT01,2025-03-18,Tuesday,1,1
ZEM003 - CT01,2.53,ZEM003,CT01,2025-03-19,Wednesday,1,2
ZEM003 - CT01,1.79,ZEM003,CT01,2025-03-20,Thursday,1,3
ZEM003 - CT01,1.48,ZEM003,CT01,2025-03-21,Friday,1,4
ZEM003 - CT01,0.29,ZEM003,CT01,2025-03-22,Saturday,1,5
ZEM003 - CT01,0.29,ZEM003,CT01,2025-03-23,Sunday,1,6
ZEM003 - CT01,1.79,ZEM003,CT01,2025-03-24,Monday,1,0
ZEM003 - CT01,2.77,ZEM003,CT01,2025-03-25,Tuesday,1,1
ZEM003 - CT01,2.38,ZEM003,CT01,2025-03-26,Wednesday,1,2
ZEM003 - CT01,1.62,ZEM003,CT01,2025-03-27,Thursday,1,3
ZEM003 - CT01,1.14,ZEM003,CT01,2025-03-28,Friday,1,4
ZEM003 - CT01,0.29,ZEM003,CT01,2025-03-29,Saturday,1,5
ZEM003 - CT01,0.28,ZEM003,CT01,2025-03-30,Sunday,1,6
ZEM003 - CT01,1.07,ZEM003,CT01,2025-03-31,Monday,1,0
ZEM003 - CT01,2.68,ZEM003,CT01,2025-04-01,Tuesday,1,1
ZEM003 - CT01,2.07,ZEM003,CT01,2025-04-02,Wednesday,1,2
ZEM003 - CT01,2.49,ZEM003,CT01,2025-04-03,Thursday,1,3
ZEM003 - CT01,0.73,ZEM003,CT01,2025-04-04,Friday,1,4
ZEM003 - CT01,0.29,ZEM003,CT01,2025-04-05,Saturday,1,5
ZEM003 - CT01,0.28,ZEM003,CT01,2025-04-06,Sunday,1,6
ZEM003 - CT01,1.91,ZEM003,CT01,2025-04-07,Monday,1,0
ZEM003 - CT01,3.43,ZEM003,CT01,2025-04-08,Tuesday,1,1
ZEM003 - CT01,2.41,ZEM003,CT01,2025-04-09,Wednesday,1,2
ZEM003 - CT01,1.77,ZEM003,CT01,2025-04-10,Thursday,1,3
ZEM003 - CT01,0.52,ZEM003,CT01,2025-04-11,Friday,1,4
ZEM003 - CT01,0.3,ZEM003,CT01,2025-04-12,Saturday,1,5
ZEM003 - CT01,0.3,ZEM003,CT01,2025-04-13,Sunday,1,6
ZEM003 - CT01,1.54,ZEM003,CT01,2025-04-14,Monday,1,0
ZEM003 - CT01,2.57,ZEM003,CT01,2025-04-15,Tuesday,1,1
ZEM003 - CT01,1.29,ZEM003,CT01,2025-04-16,Wednesday,1,2
ZEM003 - CT01,1.38,ZEM003,CT01,2025-04-17,Thursday,1,3
ZEM003 - CT01,0.37,ZEM003,CT01,2025-04-18,Friday,1,4
ZEM003 - CT01,0.3,ZEM003,CT01,2025-04-19,Saturday,1,5
ZEM003 - CT01,0.3,ZEM003,CT01,2025-04-20,Sunday,1,6
ZEM003 - CT01,0.29,ZEM003,CT01,2025-04-21,Monday,1,0
ZEM003 - CT01,2.01,ZEM003,CT01,2025-04-22,Tuesday,1,1
ZEM003 - CT01,1.63,ZEM003,CT01,2025-04-23,Wednesday,1,2
ZEM003 - CT01,1.66,ZEM003,CT01,2025-04-24,Thursday,1,3
ZEM003 - CT01,1.71,ZEM003,CT01,2025-04-25,Friday,1,4
ZEM003 - CT01,0.31,ZEM003,CT01,2025-04-26,Saturday,1,5
ZEM003 - CT01,0.28,ZEM003,CT01,2025-04-27,Sunday,1,6
ZEM003 - CT01,1.43,ZEM003,CT01,2025-04-28,Monday,1,0
ZEM003 - CT01,1.87,ZEM003,CT01,2025-04-29,Tuesday,1,1
ZEM003 - CT01,1.74,ZEM003,CT01,2025-04-30,Wednesday,1,2
ZEM003 - CT01,2.0,ZEM003,CT01,2025-05-01,Thursday,1,3
ZEM003 - CT01,0.85,ZEM003,CT01,2025-05-02,Friday,1,4
ZEM003 - CT01,0.29,ZEM003,CT01,2025-05-03,Saturday,1,5
ZEM003 - CT01,0.29,ZEM003,CT01,2025-05-04,Sunday,1,6
ZEM003 - CT01,0.29,ZEM003,CT01,2025-05-05,Monday,1,0
ZEM003 - CT01,2.68,ZEM003,CT01,2025-05-06,Tuesday,1,1
ZEM003 - CT01,3.09,ZEM003,CT01,2025-05-07,Wednesday,1,2
ZEM003 - CT01,1.07,ZEM003,CT01,2025-05-08,Thursday,1,3
ZEM003 - CT01,0.98,ZEM003,CT01,2025-05-09,Friday,1,4
ZEM003 - CT01,0.28,ZEM003,CT01,2025-05-10,Saturday,1,5
ZEM003 - CT01,0.29,ZEM003,CT01,2025-05-11,Sunday,1,6
ZEM003 - CT01,2.66,ZEM003,CT01,2025-05-12,Monday,1,0
ZEM003 - CT01,2.63,ZEM003,CT01,2025-05-13,Tuesday,1,1
ZEM003 - CT01,2.05,ZEM003,CT01,2025-05-14,Wednesday,1,2
ZEM003 - CT01,1.94,ZEM003,CT01,2025-05-15,Thursday,1,3
ZEM003 - CT01,0.56,ZEM003,CT01,2025-05-16,Friday,1,4
ZEM003 - CT01,0.29,ZEM003,CT01,2025-05-17,Saturday,1,5
ZEM003 - CT01,0.29,ZEM003,CT01,2025-05-18,Sunday,1,6
ZEM003 - CT01,2.07,ZEM003,CT01,2025-05-19,Monday,1,0
ZEM003 - CT01,2.79,ZEM003,CT01,2025-05-20,Tuesday,1,1
ZEM003 - CT01,1.89,ZEM003,CT01,2025-05-21,Wednesday,1,2
ZEM003 - CT01,1.21,ZEM003,CT01,2025-05-22,Thursday,1,3
ZEM003 - CT01,2.11,ZEM003,CT01,2025-05-23,Friday,1,4
ZEM003 - CT01,0.28,ZEM003,CT01,2025-05-24,Saturday,1,5
ZEM003 - CT01,0.29,ZEM003,CT01,2025-05-25,Sunday,1,6
ZEM003 - CT01,1.73,ZEM003,CT01,2025-05-26,Monday,1,0
ZEM003 - CT01,2.3,ZEM003,CT01,2025-05-27,Tuesday,1,1
ZEM003 - CT01,2.02,ZEM003,CT01,2025-05-28,Wednesday,1,2
ZEM003 - CT01,3.11,ZEM003,CT01,2025-05-29,Thursday,1,3
ZEM003 - CT01,1.2,ZEM003,CT01,2025-05-30,Friday,1,4
ZEM003 - CT01,0.28,ZEM003,CT01,2025-05-31,Saturday,1,5
ZEM003 - CT01,0.29,ZEM003,CT01,2025-06-01,Sunday,1,6
ZEM003 - CT01,0.29,ZEM003,CT01,2025-06-02,Monday,1,0
ZEM003 - CT01,2.48,ZEM003,CT01,2025-06-03,Tuesday,1,1
ZEM003 - CT01,1.42,ZEM003,CT01,2025-06-04,Wednesday,1,2
ZEM003 - CT01,2.44,ZEM003,CT01,2025-06-05,Thursday,1,3
ZEM003 - CT01,1.66,ZEM003,CT01,2025-06-06,Friday,1,4
ZEM003 - CT01,0.3,ZEM003,CT01,2025-06-07,Saturday,1,5
ZEM003 - CT01,0.29,ZEM003,CT01,2025-06-08,Sunday,1,6
ZEM003 - CT01,2.54,ZEM003,CT01,2025-06-09,Monday,1,0
ZEM003 - CT01,3.94,ZEM003,CT01,2025-06-10,Tuesday,1,1
ZEM003 - CT01,1.1,ZEM003,CT01,2025-06-11,Wednesday,1,2
ZEM003 - CT01,2.05,ZEM003,CT01,2025-06-12,Thursday,1,3
ZEM003 - CT01,1.45,ZEM003,CT01,2025-06-13,Friday,1,4
ZEM003 - CT01,0.29,ZEM003,CT01,2025-06-14,Saturday,1,5
ZEM003 - CT01,0.29,ZEM003,CT01,2025-06-15,Sunday,1,6
ZEM003 - CT01,1.59,ZEM003,CT01,2025-06-16,Monday,1,0
ZEM003 - CT01,3.87,ZEM003,CT01,2025-06-17,Tuesday,1,1
ZEM003 - CT01,2.3,ZEM003,CT01,2025-06-18,Wednesday,1,2
ZEM003 - CT01,2.16,ZEM003,CT01,2025-06-19,Thursday,1,3
ZEM003 - CT01,1.11,ZEM003,CT01,2025-06-20,Friday,1,4
ZEM003 - CT01,0.27,ZEM003,CT01,2025-06-21,Saturday,1,5
ZEM003 - CT01,0.27,ZEM003,CT01,2025-06-22,Sunday,1,6
ZEM003 - CT01,2.28,ZEM003,CT01,2025-06-23,Monday,1,0
ZEM003 - CT01,2.59,ZEM003,CT01,2025-06-24,Tuesday,1,1
ZEM003 - CT01,1.75,ZEM003,CT01,2025-06-25,Wednesday,1,2
ZEM003 - CT01,1.01,ZEM003,CT01,2025-06-26,Thursday,1,3
ZEM003 - CT01,1.3,ZEM003,CT01,2025-06-27,Friday,1,4
ZEM003 - CT01,0.28,ZEM003,CT01,2025-06-28,Saturday,1,5
ZEM003 - CT01,0.28,ZEM003,CT01,2025-06-29,Sunday,1,6
ZEM003 - CT01,1.35,ZEM003,CT01,2025-06-30,Monday,1,0
ZEM003 - CT01,1.98,ZEM003,CT01,2025-07-01,Tuesday,1,1
ZEM003 - CT01,1.76,ZEM003,CT01,2025-07-02,Wednesday,1,2
ZEM003 - CT01,1.34,ZEM003,CT01,2025-07-03,Thursday,1,3
ZEM003 - CT01,0.93,ZEM003,CT01,2025-07-04,Friday,1,4
ZEM003 - CT01,0.28,ZEM003,CT01,2025-07-05,Saturday,1,5
ZEM003 - CT01,0.28,ZEM003,CT01,2025-07-06,Sunday,1,6
ZEM003 - CT01,1.5,ZEM003,CT01,2025-07-07,Monday,1,0
ZEM003 - CT01,2.43,ZEM003,CT01,2025-07-08,Tuesday,1,1
ZEM003 - CT01,1.37,ZEM003,CT01,2025-07-09,Wednesday,1,2
ZEM003 - CT01,0.88,ZEM003,CT01,2025-07-10,Thursday,1,3
ZEM003 - CT01,1.24,ZEM003,CT01,2025-07-11,Friday,1,4
ZEM003 - CT01,0.28,ZEM003,CT01,2025-07-12,Saturday,1,5
ZEM003 - CT01,0.28,ZEM003,CT01,2025-07-13,Sunday,1,6
ZEM003 - CT01,1.72,ZEM003,CT01,2025-07-14,Monday,1,0
ZEM003 - CT01,2.16,ZEM003,CT01,2025-07-15,Tuesday,1,1
ZEM003 - CT01,1.12,ZEM003,CT01,2025-07-16,Wednesday,1,2
ZEM003 - CT01,1.29,ZEM003,CT01,2025-07-17,Thursday,1,3
ZEM003 - CT01,0.83,ZEM003,CT01,2025-07-18,Friday,1,4
ZEM003 - CT01,0.29,ZEM003,CT01,2025-07-19,Saturday,1,5
ZEM003 - CT01,0.29,ZEM003,CT01,2025-07-20,Sunday,1,6
ZEM003 - CT01,1.15,ZEM003,CT01,2025-07-21,Monday,1,0
ZEM003 - CT01,1.15,ZEM003,CT01,2025-07-22,Tuesday,1,1
ZEM003 - CT01,1.31,ZEM003,CT01,2025-07-23,Wednesday,1,2
ZEM002 - CT01,0.08,ZEM002,CT01,2025-03-12,Wednesday,1,2
ZEM002 - CT01,0.46,ZEM002,CT01,2025-03-13,Thursday,1,3
ZEM002 - CT01,0.46,ZEM002,CT01,2025-03-14,Friday,1,4
ZEM002 - CT01,0.0,ZEM002,CT01,2025-03-15,Saturday,1,5
ZEM002 - CT01,0.0,ZEM002,CT01,2025-03-16,Sunday,1,6
ZEM002 - CT01,0.46,ZEM002,CT01,2025-03-17,Monday,1,0
ZEM002 - CT01,0.33,ZEM002,CT01,2025-03-18,Tuesday,1,1
ZEM002 - CT01,0.02,ZEM002,CT01,2025-03-19,Wednesday,1,2
ZEM002 - CT01,0.0,ZEM002,CT01,2025-03-20,Thursday,1,3
ZEM002 - CT01,0.04,ZEM002,CT01,2025-03-21,Friday,1,4
ZEM002 - CT01,0.0,ZEM002,CT01,2025-03-22,Saturday,1,5
ZEM002 - CT01,0.0,ZEM002,CT01,2025-03-23,Sunday,1,6
ZEM002 - CT01,0.0,ZEM002,CT01,2025-03-24,Monday,1,0
ZEM002 - CT01,0.0,ZEM002,CT01,2025-03-25,Tuesday,1,1
ZEM002 - CT01,0.0,ZEM002,CT01,2025-03-26,Wednesday,1,2
ZEM002 - CT01,0.0,ZEM002,CT01,2025-03-27,Thursday,1,3
ZEM002 - CT01,0.0,ZEM002,CT01,2025-03-28,Friday,1,4
ZEM002 - CT01,0.0,ZEM002,CT01,2025-03-29,Saturday,1,5
ZEM002 - CT01,0.0,ZEM002,CT01,2025-03-30,Sunday,1,6
ZEM002 - CT01,0.0,ZEM002,CT01,2025-03-31,Monday,1,0
ZEM002 - CT01,0.0,ZEM002,CT01,2025-04-01,Tuesday,1,1
ZEM002 - CT01,0.0,ZEM002,CT01,2025-04-02,Wednesday,1,2
ZEM002 - CT01,0.0,ZEM002,CT01,2025-04-03,Thursday,1,3
ZEM002 - CT01,0.0,ZEM002,CT01,2025-04-04,Friday,1,4
ZEM002 - CT01,0.0,ZEM002,CT01,2025-04-05,Saturday,1,5
ZEM002 - CT01,0.0,ZEM002,CT01,2025-04-06,Sunday,1,6
ZEM002 - CT01,0.0,ZEM002,CT01,2025-04-07,Monday,1,0
ZEM002 - CT01,0.0,ZEM002,CT01,2025-04-08,Tuesday,1,1
ZEM002 - CT01,0.0,ZEM002,CT01,2025-04-09,Wednesday,1,2
ZEM002 - CT01,0.0,ZEM002,CT01,2025-04-10,Thursday,1,3
ZEM002 - CT01,0.0,ZEM002,CT01,2025-04-11,Friday,1,4
ZEM002 - CT01,0.0,ZEM002,CT01,2025-04-12,Saturday,1,5
ZEM002 - CT01,0.0,ZEM002,CT01,2025-04-13,Sunday,1,6
ZEM002 - CT01,0.0,ZEM002,CT01,2025-04-14,Monday,1,0
ZEM002 - CT01,0.0,ZEM002,CT01,2025-04-15,Tuesday,1,1
ZEM002 - CT01,0.0,ZEM002,CT01,2025-04-16,Wednesday,1,2
ZEM002 - CT01,0.0,ZEM002,CT01,2025-04-17,Thursday,1,3
ZEM002 - CT01,0.0,ZEM002,CT01,2025-04-18,Friday,1,4
ZEM002 - CT01,0.0,ZEM002,CT01,2025-04-19,Saturday,1,5
ZEM002 - CT01,0.0,ZEM002,CT01,2025-04-20,Sunday,1,6
ZEM002 - CT01,0.0,ZEM002,CT01,2025-04-21,Monday,1,0
ZEM002 - CT01,0.14,ZEM002,CT01,2025-04-22,Tuesday,1,1
ZEM002 - CT01,0.45,ZEM002,CT01,2025-04-23,Wednesday,1,2
ZEM002 - CT01,0.43,ZEM002,CT01,2025-04-24,Thursday,1,3
ZEM002 - CT01,0.44,ZEM002,CT01,2025-04-25,Friday,1,4
ZEM002 - CT01,0.0,ZEM002,CT01,2025-04-26,Saturday,1,5
ZEM002 - CT01,0.0,ZEM002,CT01,2025-04-27,Sunday,1,6
ZEM002 - CT01,0.44,ZEM002,CT01,2025-04-28,Monday,1,0
ZEM002 - CT01,0.31,ZEM002,CT01,2025-04-29,Tuesday,1,1
ZEM002 - CT01,0.78,ZEM002,CT01,2025-04-30,Wednesday,1,2
ZEM002 - CT01,0.76,ZEM002,CT01,2025-05-01,Thursday,1,3
ZEM002 - CT01,0.74,ZEM002,CT01,2025-05-02,Friday,1,4
ZEM002 - CT01,0.55,ZEM002,CT01,2025-05-03,Saturday,1,5
ZEM002 - CT01,0.57,ZEM002,CT01,2025-05-04,Sunday,1,6
ZEM002 - CT01,0.69,ZEM002,CT01,2025-05-05,Monday,1,0
ZEM002 - CT01,0.0,ZEM002,CT01,2025-05-06,Tuesday,1,1
ZEM002 - CT01,0.03,ZEM002,CT01,2025-05-07,Wednesday,1,2
ZEM002 - CT01,0.0,ZEM002,CT01,2025-05-08,Thursday,1,3
ZEM002 - CT01,0.0,ZEM002,CT01,2025-05-09,Friday,1,4
ZEM002 - CT01,0.0,ZEM002,CT01,2025-05-10,Saturday,1,5
ZEM002 - CT01,0.0,ZEM002,CT01,2025-05-11,Sunday,1,6
ZEM002 - CT01,0.0,ZEM002,CT01,2025-05-12,Monday,1,0
ZEM002 - CT01,0.0,ZEM002,CT01,2025-05-13,Tuesday,1,1
ZEM002 - CT01,0.0,ZEM002,CT01,2025-05-14,Wednesday,1,2
ZEM002 - CT01,0.0,ZEM002,CT01,2025-05-15,Thursday,1,3
ZEM002 - CT01,0.0,ZEM002,CT01,2025-05-16,Friday,1,4
ZEM002 - CT01,0.0,ZEM002,CT01,2025-05-17,Saturday,1,5
ZEM002 - CT01,0.0,ZEM002,CT01,2025-05-18,Sunday,1,6
ZEM002 - CT01,0.0,ZEM002,CT01,2025-05-19,Monday,1,0
ZEM002 - CT01,0.0,ZEM002,CT01,2025-05-20,Tuesday,1,1
ZEM002 - CT01,0.0,ZEM002,CT01,2025-05-21,Wednesday,1,2
ZEM002 - CT01,0.0,ZEM002,CT01,2025-05-22,Thursday,1,3
ZEM002 - CT01,0.0,ZEM002,CT01,2025-05-23,Friday,1,4
ZEM002 - CT01,0.0,ZEM002,CT01,2025-05-24,Saturday,1,5
ZEM002 - CT01,0.01,ZEM002,CT01,2025-05-25,Sunday,1,6
ZEM002 - CT01,0.0,ZEM002,CT01,2025-05-26,Monday,1,0
ZEM002 - CT01,0.07,ZEM002,CT01,2025-05-27,Tuesday,1,1
ZEM002 - CT01,0.0,ZEM002,CT01,2025-05-28,Wednesday,1,2
ZEM002 - CT01,0.0,ZEM002,CT01,2025-05-29,Thursday,1,3
ZEM002 - CT01,0.0,ZEM002,CT01,2025-05-30,Friday,1,4
ZEM002 - CT01,0.0,ZEM002,CT01,2025-05-31,Saturday,1,5
ZEM002 - CT01,0.0,ZEM002,CT01,2025-06-01,Sunday,1,6
ZEM002 - CT01,0.0,ZEM002,CT01,2025-06-02,Monday,1,0
ZEM002 - CT01,0.0,ZEM002,CT01,2025-06-03,Tuesday,1,1
ZEM002 - CT01,0.15,ZEM002,CT01,2025-06-04,Wednesday,1,2
ZEM002 - CT01,0.0,ZEM002,CT01,2025-06-05,Thursday,1,3
ZEM002 - CT01,0.07,ZEM002,CT01,2025-06-06,Friday,1,4
ZEM002 - CT01,0.0,ZEM002,CT01,2025-06-07,Saturday,1,5
ZEM002 - CT01,0.0,ZEM002,CT01,2025-06-08,Sunday,1,6
ZEM002 - CT01,0.22,ZEM002,CT01,2025-06-09,Monday,1,0
ZEM002 - CT01,0.0,ZEM002,CT01,2025-06-10,Tuesday,1,1
ZEM002 - CT01,0.0,ZEM002,CT01,2025-06-11,Wednesday,1,2
ZEM002 - CT01,0.0,ZEM002,CT01,2025-06-12,Thursday,1,3
ZEM002 - CT01,0.0,ZEM002,CT01,2025-06-13,Friday,1,4
ZEM002 - CT01,0.0,ZEM002,CT01,2025-06-14,Saturday,1,5
ZEM002 - CT01,0.0,ZEM002,CT01,2025-06-15,Sunday,1,6
ZEM002 - CT01,0.0,ZEM002,CT01,2025-06-16,Monday,1,0
ZEM002 - CT01,0.0,ZEM002,CT01,2025-06-17,Tuesday,1,1
ZEM002 - CT01,0.01,ZEM002,CT01,2025-06-18,Wednesday,1,2
ZEM002 - CT01,0.0,ZEM002,CT01,2025-06-19,Thursday,1,3
ZEM002 - CT01,0.0,ZEM002,CT01,2025-06-20,Friday,1,4
ZEM002 - CT01,0.0,ZEM002,CT01,2025-06-21,Saturday,1,5
ZEM002 - CT01,0.0,ZEM002,CT01,2025-06-22,Sunday,1,6
ZEM002 - CT01,0.0,ZEM002,CT01,2025-06-23,Monday,1,0
ZEM002 - CT01,0.0,ZEM002,CT01,2025-06-24,Tuesday,1,1
ZEM002 - CT01,0.0,ZEM002,CT01,2025-06-25,Wednesday,1,2
ZEM002 - CT01,0.0,ZEM002,CT01,2025-06-26,Thursday,1,3
ZEM002 - CT01,0.0,ZEM002,CT01,2025-06-27,Friday,1,4
ZEM002 - CT01,0.0,ZEM002,CT01,2025-06-28,Saturday,1,5
ZEM002 - CT01,0.0,ZEM002,CT01,2025-06-29,Sunday,1,6
ZEM002 - CT01,0.0,ZEM002,CT01,2025-06-30,Monday,1,0
ZEM002 - CT01,0.0,ZEM002,CT01,2025-07-01,Tuesday,1,1
ZEM002 - CT01,0.0,ZEM002,CT01,2025-07-02,Wednesday,1,2
ZEM002 - CT01,0.0,ZEM002,CT01,2025-07-03,Thursday,1,3
ZEM002 - CT01,0.0,ZEM002,CT01,2025-07-04,Friday,1,4
ZEM002 - CT01,0.0,ZEM002,CT01,2025-07-05,Saturday,1,5
ZEM002 - CT01,0.0,ZEM002,CT01,2025-07-06,Sunday,1,6
ZEM002 - CT01,0.0,ZEM002,CT01,2025-07-07,Monday,1,0
ZEM002 - CT01,0.0,ZEM002,CT01,2025-07-08,Tuesday,1,1
ZEM002 - CT01,0.0,ZEM002,CT01,2025-07-09,Wednesday,1,2
ZEM002 - CT01,0.0,ZEM002,CT01,2025-07-10,Thursday,1,3
ZEM002 - CT01,0.0,ZEM002,CT01,2025-07-11,Friday,1,4
ZEM002 - CT01,0.0,ZEM002,CT01,2025-07-12,Saturday,1,5
ZEM002 - CT01,0.0,ZEM002,CT01,2025-07-13,Sunday,1,6
ZEM002 - CT01,0.0,ZEM002,CT01,2025-07-14,Monday,1,0
ZEM002 - CT01,0.0,ZEM002,CT01,2025-07-15,Tuesday,1,1
ZEM002 - CT01,0.0,ZEM002,CT01,2025-07-16,Wednesday,1,2
ZEM002 - CT01,0.0,ZEM002,CT01,2025-07-17,Thursday,1,3
ZEM002 - CT01,0.0,ZEM002,CT01,2025-07-18,Friday,1,4
ZEM002 - CT01,0.0,ZEM002,CT01,2025-07-19,Saturday,1,5
ZEM002 - CT01,0.0,ZEM002,CT01,2025-07-20,Sunday,1,6
ZEM002 - CT01,0.0,ZEM002,CT01,2025-07-21,Monday,1,0
ZEM002 - CT01,0.0,ZEM002,CT01,2025-07-22,Tuesday,1,1
ZEM002 - CT01,0.0,ZEM002,CT01,2025-07-23,Wednesday,1,2
ZEM001 - CT01,3.91,ZEM001,CT01,2025-03-12,Wednesday,1,2
ZEM001 - CT01,9.16,ZEM001,CT01,2025-03-13,Thursday,1,3
ZEM001 - CT01,8.85,ZEM001,CT01,2025-03-14,Friday,1,4
ZEM001 - CT01,6.96,ZEM001,CT01,2025-03-15,Saturday,1,5
ZEM001 - CT01,6.96,ZEM001,CT01,2025-03-16,Sunday,1,6
ZEM001 - CT01,8.51,ZEM001,CT01,2025-03-17,Monday,1,0
ZEM001 - CT01,13.49,ZEM001,CT01,2025-03-18,Tuesday,1,1
ZEM001 - CT01,9.03,ZEM001,CT01,2025-03-19,Wednesday,1,2
ZEM001 - CT01,13.49,ZEM001,CT01,2025-03-20,Thursday,1,3
ZEM001 - CT01,13.88,ZEM001,CT01,2025-03-21,Friday,1,4
ZEM001 - CT01,6.64,ZEM001,CT01,2025-03-22,Saturday,1,5
ZEM001 - CT01,6.84,ZEM001,CT01,2025-03-23,Sunday,1,6
ZEM001 - CT01,9.01,ZEM001,CT01,2025-03-24,Monday,1,0
ZEM001 - CT01,8.67,ZEM001,CT01,2025-03-25,Tuesday,1,1
ZEM001 - CT01,10.88,ZEM001,CT01,2025-03-26,Wednesday,1,2
ZEM001 - CT01,8.86,ZEM001,CT01,2025-03-27,Thursday,1,3
ZEM001 - CT01,8.18,ZEM001,CT01,2025-03-28,Friday,1,4
ZEM001 - CT01,7.13,ZEM001,CT01,2025-03-29,Saturday,1,5
ZEM001 - CT01,6.49,ZEM001,CT01,2025-03-30,Sunday,1,6
ZEM001 - CT01,8.64,ZEM001,CT01,2025-03-31,Monday,1,0
ZEM001 - CT01,9.09,ZEM001,CT01,2025-04-01,Tuesday,1,1
ZEM001 - CT01,8.93,ZEM001,CT01,2025-04-02,Wednesday,1,2
ZEM001 - CT01,9.49,ZEM001,CT01,2025-04-03,Thursday,1,3
ZEM001 - CT01,8.42,ZEM001,CT01,2025-04-04,Friday,1,4
ZEM001 - CT01,6.7,ZEM001,CT01,2025-04-05,Saturday,1,5
ZEM001 - CT01,6.61,ZEM001,CT01,2025-04-06,Sunday,1,6
ZEM001 - CT01,14.99,ZEM001,CT01,2025-04-07,Monday,1,0
ZEM001 - CT01,10.2,ZEM001,CT01,2025-04-08,Tuesday,1,1
ZEM001 - CT01,8.6,ZEM001,CT01,2025-04-09,Wednesday,1,2
ZEM001 - CT01,10.43,ZEM001,CT01,2025-04-10,Thursday,1,3
ZEM001 - CT01,10.71,ZEM001,CT01,2025-04-11,Friday,1,4
ZEM001 - CT01,7.02,ZEM001,CT01,2025-04-12,Saturday,1,5
ZEM001 - CT01,6.75,ZEM001,CT01,2025-04-13,Sunday,1,6
ZEM001 - CT01,9.16,ZEM001,CT01,2025-04-14,Monday,1,0
ZEM001 - CT01,8.99,ZEM001,CT01,2025-04-15,Tuesday,1,1
ZEM001 - CT01,8.35,ZEM001,CT01,2025-04-16,Wednesday,1,2
ZEM001 - CT01,11.48,ZEM001,CT01,2025-04-17,Thursday,1,3
ZEM001 - CT01,8.19,ZEM001,CT01,2025-04-18,Friday,1,4
ZEM001 - CT01,6.92,ZEM001,CT01,2025-04-19,Saturday,1,5
ZEM001 - CT01,6.74,ZEM001,CT01,2025-04-20,Sunday,1,6
ZEM001 - CT01,7.97,ZEM001,CT01,2025-04-21,Monday,1,0
ZEM001 - CT01,11.56,ZEM001,CT01,2025-04-22,Tuesday,1,1
ZEM001 - CT01,9.42,ZEM001,CT01,2025-04-23,Wednesday,1,2
ZEM001 - CT01,9.11,ZEM001,CT01,2025-04-24,Thursday,1,3
ZEM001 - CT01,9.41,ZEM001,CT01,2025-04-25,Friday,1,4
ZEM001 - CT01,7.52,ZEM001,CT01,2025-04-26,Saturday,1,5
ZEM001 - CT01,7.11,ZEM001,CT01,2025-04-27,Sunday,1,6
ZEM001 - CT01,9.16,ZEM001,CT01,2025-04-28,Monday,1,0
ZEM001 - CT01,9.05,ZEM001,CT01,2025-04-29,Tuesday,1,1
ZEM001 - CT01,9.23,ZEM001,CT01,2025-04-30,Wednesday,1,2
ZEM001 - CT01,9.94,ZEM001,CT01,2025-05-01,Thursday,1,3
ZEM001 - CT01,9.01,ZEM001,CT01,2025-05-02,Friday,1,4
ZEM001 - CT01,7.53,ZEM001,CT01,2025-05-03,Saturday,1,5
ZEM001 - CT01,7.47,ZEM001,CT01,2025-05-04,Sunday,1,6
ZEM001 - CT01,8.82,ZEM001,CT01,2025-05-05,Monday,1,0
ZEM001 - CT01,8.93,ZEM001,CT01,2025-05-06,Tuesday,1,1
ZEM001 - CT01,9.02,ZEM001,CT01,2025-05-07,Wednesday,1,2
ZEM001 - CT01,8.31,ZEM001,CT01,2025-05-08,Thursday,1,3
ZEM001 - CT01,8.2,ZEM001,CT01,2025-05-09,Friday,1,4
ZEM001 - CT01,6.83,ZEM001,CT01,2025-05-10,Saturday,1,5
ZEM001 - CT01,6.81,ZEM001,CT01,2025-05-11,Sunday,1,6
ZEM001 - CT01,8.97,ZEM001,CT01,2025-05-12,Monday,1,0
ZEM001 - CT01,8.67,ZEM001,CT01,2025-05-13,Tuesday,1,1
ZEM001 - CT01,9.61,ZEM001,CT01,2025-05-14,Wednesday,1,2
ZEM001 - CT01,8.82,ZEM001,CT01,2025-05-15,Thursday,1,3
ZEM001 - CT01,8.21,ZEM001,CT01,2025-05-16,Friday,1,4
ZEM001 - CT01,6.83,ZEM001,CT01,2025-05-17,Saturday,1,5
ZEM001 - CT01,6.84,ZEM001,CT01,2025-05-18,Sunday,1,6
ZEM001 - CT01,8.57,ZEM001,CT01,2025-05-19,Monday,1,0
ZEM001 - CT01,9.05,ZEM001,CT01,2025-05-20,Tuesday,1,1
ZEM001 - CT01,8.95,ZEM001,CT01,2025-05-21,Wednesday,1,2
ZEM001 - CT01,9.14,ZEM001,CT01,2025-05-22,Thursday,1,3
ZEM001 - CT01,8.26,ZEM001,CT01,2025-05-23,Friday,1,4
ZEM001 - CT01,7.26,ZEM001,CT01,2025-05-24,Saturday,1,5
ZEM001 - CT01,7.13,ZEM001,CT01,2025-05-25,Sunday,1,6
ZEM001 - CT01,8.8,ZEM001,CT01,2025-05-26,Monday,1,0
ZEM001 - CT01,8.94,ZEM001,CT01,2025-05-27,Tuesday,1,1
ZEM001 - CT01,9.13,ZEM001,CT01,2025-05-28,Wednesday,1,2
ZEM001 - CT01,11.97,ZEM001,CT01,2025-05-29,Thursday,1,3
ZEM001 - CT01,8.2,ZEM001,CT01,2025-05-30,Friday,1,4
ZEM001 - CT01,7.23,ZEM001,CT01,2025-05-31,Saturday,1,5
ZEM001 - CT01,7.27,ZEM001,CT01,2025-06-01,Sunday,1,6
ZEM001 - CT01,8.15,ZEM001,CT01,2025-06-02,Monday,1,0
ZEM001 - CT01,9.59,ZEM001,CT01,2025-06-03,Tuesday,1,1
ZEM001 - CT01,9.04,ZEM001,CT01,2025-06-04,Wednesday,1,2
ZEM001 - CT01,9.17,ZEM001,CT01,2025-06-05,Thursday,1,3
ZEM001 - CT01,8.22,ZEM001,CT01,2025-06-06,Friday,1,4
ZEM001 - CT01,7.08,ZEM001,CT01,2025-06-07,Saturday,1,5
ZEM001 - CT01,6.94,ZEM001,CT01,2025-06-08,Sunday,1,6
ZEM001 - CT01,9.56,ZEM001,CT01,2025-06-09,Monday,1,0
ZEM001 - CT01,9.67,ZEM001,CT01,2025-06-10,Tuesday,1,1
ZEM001 - CT01,8.58,ZEM001,CT01,2025-06-11,Wednesday,1,2
ZEM001 - CT01,7.59,ZEM001,CT01,2025-06-12,Thursday,1,3
ZEM001 - CT01,7.93,ZEM001,CT01,2025-06-13,Friday,1,4
ZEM001 - CT01,7.02,ZEM001,CT01,2025-06-14,Saturday,1,5
ZEM001 - CT01,7.1,ZEM001,CT01,2025-06-15,Sunday,1,6
ZEM001 - CT01,7.55,ZEM001,CT01,2025-06-16,Monday,1,0
ZEM001 - CT01,7.7,ZEM001,CT01,2025-06-17,Tuesday,1,1
ZEM001 - CT01,7.79,ZEM001,CT01,2025-06-18,Wednesday,1,2
ZEM001 - CT01,7.35,ZEM001,CT01,2025-06-19,Thursday,1,3
ZEM001 - CT01,7.26,ZEM001,CT01,2025-06-20,Friday,1,4
ZEM001 - CT01,6.86,ZEM001,CT01,2025-06-21,Saturday,1,5
ZEM001 - CT01,6.92,ZEM001,CT01,2025-06-22,Sunday,1,6
ZEM001 - CT01,7.68,ZEM001,CT01,2025-06-23,Monday,1,0
ZEM001 - CT01,8.43,ZEM001,CT01,2025-06-24,Tuesday,1,1
ZEM001 - CT01,7.79,ZEM001,CT01,2025-06-25,Wednesday,1,2
ZEM001 - CT01,7.26,ZEM001,CT01,2025-06-26,Thursday,1,3
ZEM001 - CT01,7.23,ZEM001,CT01,2025-06-27,Friday,1,4
ZEM001 - CT01,7.31,ZEM001,CT01,2025-06-28,Saturday,1,5
ZEM001 - CT01,7.0,ZEM001,CT01,2025-06-29,Sunday,1,6
ZEM001 - CT01,7.62,ZEM001,CT01,2025-06-30,Monday,1,0
ZEM001 - CT01,7.71,ZEM001,CT01,2025-07-01,Tuesday,1,1
ZEM001 - CT01,7.67,ZEM001,CT01,2025-07-02,Wednesday,1,2
ZEM001 - CT01,8.41,ZEM001,CT01,2025-07-03,Thursday,1,3
ZEM001 - CT01,7.3,ZEM001,CT01,2025-07-04,Friday,1,4
ZEM001 - CT01,7.16,ZEM001,CT01,2025-07-05,Saturday,1,5
ZEM001 - CT01,6.61,ZEM001,CT01,2025-07-06,Sunday,1,6
ZEM001 - CT01,7.29,ZEM001,CT01,2025-07-07,Monday,1,0
ZEM001 - CT01,7.81,ZEM001,CT01,2025-07-08,Tuesday,1,1
ZEM001 - CT01,7.64,ZEM001,CT01,2025-07-09,Wednesday,1,2
ZEM001 - CT01,7.51,ZEM001,CT01,2025-07-10,Thursday,1,3
ZEM001 - CT01,7.06,ZEM001,CT01,2025-07-11,Friday,1,4
ZEM001 - CT01,6.86,ZEM001,CT01,2025-07-12,Saturday,1,5
ZEM001 - CT01,6.89,ZEM001,CT01,2025-07-13,Sunday,1,6
ZEM001 - CT01,8.61,ZEM001,CT01,2025-07-14,Monday,1,0
ZEM001 - CT01,8.05,ZEM001,CT01,2025-07-15,Tuesday,1,1
ZEM001 - CT01,7.46,ZEM001,CT01,2025-07-16,Wednesday,1,2
ZEM001 - CT01,7.71,ZEM001,CT01,2025-07-17,Thursday,1,3
ZEM001 - CT01,7.9,ZEM001,CT01,2025-07-18,Friday,1,4
ZEM001 - CT01,7.13,ZEM001,CT01,2025-07-19,Saturday,1,5
ZEM001 - CT01,7.27,ZEM001,CT01,2025-07-20,Sunday,1,6
ZEM001 - CT01,9.94,ZEM001,CT01,2025-07-21,Monday,1,0
ZEM001 - CT01,8.58,ZEM001,CT01,2025-07-22,Tuesday,1,1
ZEM001 - CT01,5.5,ZEM001,CT01,2025-07-23,Wednesday,1,2
ZEM002 - CT03,0.69,ZEM002,CT03,2025-03-12,Wednesday,1,2
ZEM002 - CT03,1.6,ZEM002,CT03,2025-03-13,Thursday,1,3
ZEM002 - CT03,1.55,ZEM002,CT03,2025-03-14,Friday,1,4
ZEM002 - CT03,0.34,ZEM002,CT03,2025-03-15,Saturday,1,5
ZEM002 - CT03,0.15,ZEM002,CT03,2025-03-16,Sunday,1,6
ZEM002 - CT03,1.32,ZEM002,CT03,2025-03-17,Monday,1,0
ZEM002 - CT03,1.3,ZEM002,CT03,2025-03-18,Tuesday,1,1
ZEM002 - CT03,1.45,ZEM002,CT03,2025-03-19,Wednesday,1,2
ZEM002 - CT03,2.45,ZEM002,CT03,2025-03-20,Thursday,1,3
ZEM002 - CT03,3.33,ZEM002,CT03,2025-03-21,Friday,1,4
ZEM002 - CT03,1.27,ZEM002,CT03,2025-03-22,Saturday,1,5
ZEM002 - CT03,0.02,ZEM002,CT03,2025-03-23,Sunday,1,6
ZEM002 - CT03,2.42,ZEM002,CT03,2025-03-24,Monday,1,0
ZEM002 - CT03,3.36,ZEM002,CT03,2025-03-25,Tuesday,1,1
ZEM002 - CT03,3.98,ZEM002,CT03,2025-03-26,Wednesday,1,2
ZEM002 - CT03,4.56,ZEM002,CT03,2025-03-27,Thursday,1,3
ZEM002 - CT03,3.86,ZEM002,CT03,2025-03-28,Friday,1,4
ZEM002 - CT03,0.34,ZEM002,CT03,2025-03-29,Saturday,1,5
ZEM002 - CT03,2.28,ZEM002,CT03,2025-03-30,Sunday,1,6
ZEM002 - CT03,5.08,ZEM002,CT03,2025-03-31,Monday,1,0
ZEM002 - CT03,4.99,ZEM002,CT03,2025-04-01,Tuesday,1,1
ZEM002 - CT03,5.04,ZEM002,CT03,2025-04-02,Wednesday,1,2
ZEM002 - CT03,3.17,ZEM002,CT03,2025-04-03,Thursday,1,3
ZEM002 - CT03,2.91,ZEM002,CT03,2025-04-04,Friday,1,4
ZEM002 - CT03,1.38,ZEM002,CT03,2025-04-05,Saturday,1,5
ZEM002 - CT03,2.64,ZEM002,CT03,2025-04-06,Sunday,1,6
ZEM002 - CT03,4.83,ZEM002,CT03,2025-04-07,Monday,1,0
ZEM002 - CT03,5.46,ZEM002,CT03,2025-04-08,Tuesday,1,1
ZEM002 - CT03,5.94,ZEM002,CT03,2025-04-09,Wednesday,1,2
ZEM002 - CT03,6.68,ZEM002,CT03,2025-04-10,Thursday,1,3
ZEM002 - CT03,8.06,ZEM002,CT03,2025-04-11,Friday,1,4
ZEM002 - CT03,5.09,ZEM002,CT03,2025-04-12,Saturday,1,5
ZEM002 - CT03,3.43,ZEM002,CT03,2025-04-13,Sunday,1,6
ZEM002 - CT03,3.53,ZEM002,CT03,2025-04-14,Monday,1,0
ZEM002 - CT03,3.73,ZEM002,CT03,2025-04-15,Tuesday,1,1
ZEM002 - CT03,1.99,ZEM002,CT03,2025-04-16,Wednesday,1,2
ZEM002 - CT03,2.18,ZEM002,CT03,2025-04-17,Thursday,1,3
ZEM002 - CT03,1.58,ZEM002,CT03,2025-04-18,Friday,1,4
ZEM002 - CT03,0.0,ZEM002,CT03,2025-04-19,Saturday,1,5
ZEM002 - CT03,0.0,ZEM002,CT03,2025-04-20,Sunday,1,6
ZEM002 - CT03,2.28,ZEM002,CT03,2025-04-21,Monday,1,0
ZEM002 - CT03,3.24,ZEM002,CT03,2025-04-22,Tuesday,1,1
ZEM002 - CT03,2.61,ZEM002,CT03,2025-04-23,Wednesday,1,2
ZEM002 - CT03,4.48,ZEM002,CT03,2025-04-24,Thursday,1,3
ZEM002 - CT03,3.9,ZEM002,CT03,2025-04-25,Friday,1,4
ZEM002 - CT03,3.32,ZEM002,CT03,2025-04-26,Saturday,1,5
ZEM002 - CT03,4.45,ZEM002,CT03,2025-04-27,Sunday,1,6
ZEM002 - CT03,7.34,ZEM002,CT03,2025-04-28,Monday,1,0
ZEM002 - CT03,9.29,ZEM002,CT03,2025-04-29,Tuesday,1,1
ZEM002 - CT03,11.47,ZEM002,CT03,2025-04-30,Wednesday,1,2
ZEM002 - CT03,13.47,ZEM002,CT03,2025-05-01,Thursday,1,3
ZEM002 - CT03,10.26,ZEM002,CT03,2025-05-02,Friday,1,4
ZEM002 - CT03,6.89,ZEM002,CT03,2025-05-03,Saturday,1,5
ZEM002 - CT03,4.91,ZEM002,CT03,2025-05-04,Sunday,1,6
ZEM002 - CT03,6.45,ZEM002,CT03,2025-05-05,Monday,1,0
ZEM002 - CT03,7.97,ZEM002,CT03,2025-05-06,Tuesday,1,1
ZEM002 - CT03,9.42,ZEM002,CT03,2025-05-07,Wednesday,1,2
ZEM002 - CT03,8.82,ZEM002,CT03,2025-05-08,Thursday,1,3
ZEM002 - CT03,9.0,ZEM002,CT03,2025-05-09,Friday,1,4
ZEM002 - CT03,8.71,ZEM002,CT03,2025-05-10,Saturday,1,5
ZEM002 - CT03,9.19,ZEM002,CT03,2025-05-11,Sunday,1,6
ZEM002 - CT03,8.9,ZEM002,CT03,2025-05-12,Monday,1,0
ZEM002 - CT03,9.79,ZEM002,CT03,2025-05-13,Tuesday,1,1
ZEM002 - CT03,10.05,ZEM002,CT03,2025-05-14,Wednesday,1,2
ZEM002 - CT03,9.97,ZEM002,CT03,2025-05-15,Thursday,1,3
ZEM002 - CT03,9.48,ZEM002,CT03,2025-05-16,Friday,1,4
ZEM002 - CT03,9.32,ZEM002,CT03,2025-05-17,Saturday,1,5
ZEM002 - CT03,9.75,ZEM002,CT03,2025-05-18,Sunday,1,6
ZEM002 - CT03,8.66,ZEM002,CT03,2025-05-19,Monday,1,0
ZEM002 - CT03,7.11,ZEM002,CT03,2025-05-20,Tuesday,1,1
ZEM002 - CT03,9.36,ZEM002,CT03,2025-05-21,Wednesday,1,2
ZEM002 - CT03,9.6,ZEM002,CT03,2025-05-22,Thursday,1,3
ZEM002 - CT03,8.5,ZEM002,CT03,2025-05-23,Friday,1,4
ZEM002 - CT03,6.11,ZEM002,CT03,2025-05-24,Saturday,1,5
ZEM002 - CT03,5.52,ZEM002,CT03,2025-05-25,Sunday,1,6
ZEM002 - CT03,4.73,ZEM002,CT03,2025-05-26,Monday,1,0
ZEM002 - CT03,3.69,ZEM002,CT03,2025-05-27,Tuesday,1,1
ZEM002 - CT03,6.5,ZEM002,CT03,2025-05-28,Wednesday,1,2
ZEM002 - CT03,6.61,ZEM002,CT03,2025-05-29,Thursday,1,3
ZEM002 - CT03,8.8,ZEM002,CT03,2025-05-30,Friday,1,4
ZEM002 - CT03,9.07,ZEM002,CT03,2025-05-31,Saturday,1,5
ZEM002 - CT03,7.72,ZEM002,CT03,2025-06-01,Sunday,1,6
ZEM002 - CT03,8.95,ZEM002,CT03,2025-06-02,Monday,1,0
ZEM002 - CT03,7.46,ZEM002,CT03,2025-06-03,Tuesday,1,1
ZEM002 - CT03,6.99,ZEM002,CT03,2025-06-04,Wednesday,1,2
ZEM002 - CT03,6.64,ZEM002,CT03,2025-06-05,Thursday,1,3
ZEM002 - CT03,6.78,ZEM002,CT03,2025-06-06,Friday,1,4
ZEM002 - CT03,3.82,ZEM002,CT03,2025-06-07,Saturday,1,5
ZEM002 - CT03,3.39,ZEM002,CT03,2025-06-08,Sunday,1,6
ZEM002 - CT03,4.71,ZEM002,CT03,2025-06-09,Monday,1,0
ZEM002 - CT03,6.78,ZEM002,CT03,2025-06-10,Tuesday,1,1
ZEM002 - CT03,9.27,ZEM002,CT03,2025-06-11,Wednesday,1,2
ZEM002 - CT03,6.88,ZEM002,CT03,2025-06-12,Thursday,1,3
ZEM002 - CT03,6.37,ZEM002,CT03,2025-06-13,Friday,1,4
ZEM002 - CT03,5.74,ZEM002,CT03,2025-06-14,Saturday,1,5
ZEM002 - CT03,4.64,ZEM002,CT03,2025-06-15,Sunday,1,6
ZEM002 - CT03,8.83,ZEM002,CT03,2025-06-16,Monday,1,0
ZEM002 - CT03,11.28,ZEM002,CT03,2025-06-17,Tuesday,1,1
ZEM002 - CT03,12.5,ZEM002,CT03,2025-06-18,Wednesday,1,2
ZEM002 - CT03,14.57,ZEM002,CT03,2025-06-19,Thursday,1,3
ZEM002 - CT03,14.75,ZEM002,CT03,2025-06-20,Friday,1,4
ZEM002 - CT03,14.49,ZEM002,CT03,2025-06-21,Saturday,1,5
ZEM002 - CT03,10.76,ZEM002,CT03,2025-06-22,Sunday,1,6
ZEM002 - CT03,8.52,ZEM002,CT03,2025-06-23,Monday,1,0
ZEM002 - CT03,8.44,ZEM002,CT03,2025-06-24,Tuesday,1,1
ZEM002 - CT03,7.36,ZEM002,CT03,2025-06-25,Wednesday,1,2
ZEM002 - CT03,8.88,ZEM002,CT03,2025-06-26,Thursday,1,3
ZEM002 - CT03,8.2,ZEM002,CT03,2025-06-27,Friday,1,4
ZEM002 - CT03,9.84,ZEM002,CT03,2025-06-28,Saturday,1,5
ZEM002 - CT03,8.96,ZEM002,CT03,2025-06-29,Sunday,1,6
ZEM002 - CT03,11.04,ZEM002,CT03,2025-06-30,Monday,1,0
ZEM002 - CT03,8.28,ZEM002,CT03,2025-07-01,Tuesday,1,1
ZEM002 - CT03,7.31,ZEM002,CT03,2025-07-02,Wednesday,1,2
ZEM002 - CT03,5.06,ZEM002,CT03,2025-07-03,Thursday,1,3
ZEM002 - CT03,1.1,ZEM002,CT03,2025-07-04,Friday,1,4
ZEM002 - CT03,1.1,ZEM002,CT03,2025-07-05,Saturday,1,5
ZEM002 - CT03,1.1,ZEM002,CT03,2025-07-06,Sunday,1,6
ZEM002 - CT03,9.15,ZEM002,CT03,2025-07-07,Monday,1,0
ZEM002 - CT03,17.53,ZEM002,CT03,2025-07-08,Tuesday,1,1
ZEM002 - CT03,15.13,ZEM002,CT03,2025-07-09,Wednesday,1,2
ZEM002 - CT03,18.11,ZEM002,CT03,2025-07-10,Thursday,1,3
ZEM002 - CT03,20.65,ZEM002,CT03,2025-07-11,Friday,1,4
ZEM002 - CT03,23.03,ZEM002,CT03,2025-07-12,Saturday,1,5
ZEM002 - CT03,22.41,ZEM002,CT03,2025-07-13,Sunday,1,6
ZEM002 - CT03,19.13,ZEM002,CT03,2025-07-14,Monday,1,0
ZEM002 - CT03,13.23,ZEM002,CT03,2025-07-15,Tuesday,1,1
ZEM002 - CT03,14.39,ZEM002,CT03,2025-07-16,Wednesday,1,2
ZEM002 - CT03,14.47,ZEM002,CT03,2025-07-17,Thursday,1,3
ZEM002 - CT03,13.43,ZEM002,CT03,2025-07-18,Friday,1,4
ZEM002 - CT03,13.63,ZEM002,CT03,2025-07-19,Saturday,1,5
ZEM002 - CT03,12.25,ZEM002,CT03,2025-07-20,Sunday,1,6
ZEM002 - CT03,9.66,ZEM002,CT03,2025-07-21,Monday,1,0
ZEM002 - CT03,9.35,ZEM002,CT03,2025-07-22,Tuesday,1,1
ZEM002 - CT03,4.9,ZEM002,CT03,2025-07-23,Wednesday,1,2
ZEM001 - DB04,7.8,ZEM001,DB04,2025-03-12,Wednesday,1,2
ZEM001 - DB04,18.0,ZEM001,DB04,2025-03-13,Thursday,1,3
ZEM001 - DB04,18.7,ZEM001,DB04,2025-03-14,Friday,1,4
ZEM001 - DB04,9.1,ZEM001,DB04,2025-03-15,Saturday,1,5
ZEM001 - DB04,8.9,ZEM001,DB04,2025-03-16,Sunday,1,6
ZEM001 - DB04,17.0,ZEM001,DB04,2025-03-17,Monday,1,0
ZEM001 - DB04,22.8,ZEM001,DB04,2025-03-18,Tuesday,1,1
ZEM001 - DB04,18.4,ZEM001,DB04,2025-03-19,Wednesday,1,2
ZEM001 - DB04,23.5,ZEM001,DB04,2025-03-20,Thursday,1,3
ZEM001 - DB04,24.4,ZEM001,DB04,2025-03-21,Friday,1,4
ZEM001 - DB04,9.8,ZEM001,DB04,2025-03-22,Saturday,1,5
ZEM001 - DB04,8.9,ZEM001,DB04,2025-03-23,Sunday,1,6
ZEM001 - DB04,22.1,ZEM001,DB04,2025-03-24,Monday,1,0
ZEM001 - DB04,21.5,ZEM001,DB04,2025-03-25,Tuesday,1,1
ZEM001 - DB04,26.5,ZEM001,DB04,2025-03-26,Wednesday,1,2
ZEM001 - DB04,20.6,ZEM001,DB04,2025-03-27,Thursday,1,3
ZEM001 - DB04,19.6,ZEM001,DB04,2025-03-28,Friday,1,4
ZEM001 - DB04,9.5,ZEM001,DB04,2025-03-29,Saturday,1,5
ZEM001 - DB04,10.7,ZEM001,DB04,2025-03-30,Sunday,1,6
ZEM001 - DB04,24.6,ZEM001,DB04,2025-03-31,Monday,1,0
ZEM001 - DB04,22.4,ZEM001,DB04,2025-04-01,Tuesday,1,1
ZEM001 - DB04,21.9,ZEM001,DB04,2025-04-02,Wednesday,1,2
ZEM001 - DB04,23.6,ZEM001,DB04,2025-04-03,Thursday,1,3
ZEM001 - DB04,18.6,ZEM001,DB04,2025-04-04,Friday,1,4
ZEM001 - DB04,10.0,ZEM001,DB04,2025-04-05,Saturday,1,5
ZEM001 - DB04,11.1,ZEM001,DB04,2025-04-06,Sunday,1,6
ZEM001 - DB04,32.7,ZEM001,DB04,2025-04-07,Monday,1,0
ZEM001 - DB04,25.5,ZEM001,DB04,2025-04-08,Tuesday,1,1
ZEM001 - DB04,22.9,ZEM001,DB04,2025-04-09,Wednesday,1,2
ZEM001 - DB04,30.0,ZEM001,DB04,2025-04-10,Thursday,1,3
ZEM001 - DB04,26.2,ZEM001,DB04,2025-04-11,Friday,1,4
ZEM001 - DB04,14.3,ZEM001,DB04,2025-04-12,Saturday,1,5
ZEM001 - DB04,12.1,ZEM001,DB04,2025-04-13,Sunday,1,6
ZEM001 - DB04,20.7,ZEM001,DB04,2025-04-14,Monday,1,0
ZEM001 - DB04,27.0,ZEM001,DB04,2025-04-15,Tuesday,1,1
ZEM001 - DB04,18.8,ZEM001,DB04,2025-04-16,Wednesday,1,2
ZEM001 - DB04,21.2,ZEM001,DB04,2025-04-17,Thursday,1,3
ZEM001 - DB04,19.3,ZEM001,DB04,2025-04-18,Friday,1,4
ZEM001 - DB04,9.1,ZEM001,DB04,2025-04-19,Saturday,1,5
ZEM001 - DB04,9.6,ZEM001,DB04,2025-04-20,Sunday,1,6
ZEM001 - DB04,16.5,ZEM001,DB04,2025-04-21,Monday,1,0
ZEM001 - DB04,26.5,ZEM001,DB04,2025-04-22,Tuesday,1,1
ZEM001 - DB04,20.6,ZEM001,DB04,2025-04-23,Wednesday,1,2
ZEM001 - DB04,20.5,ZEM001,DB04,2025-04-24,Thursday,1,3
ZEM001 - DB04,20.6,ZEM001,DB04,2025-04-25,Friday,1,4
ZEM001 - DB04,13.3,ZEM001,DB04,2025-04-26,Saturday,1,5
ZEM001 - DB04,13.8,ZEM001,DB04,2025-04-27,Sunday,1,6
ZEM001 - DB04,23.4,ZEM001,DB04,2025-04-28,Monday,1,0
ZEM001 - DB04,24.9,ZEM001,DB04,2025-04-29,Tuesday,1,1
ZEM001 - DB04,26.9,ZEM001,DB04,2025-04-30,Wednesday,1,2
ZEM001 - DB04,30.5,ZEM001,DB04,2025-05-01,Thursday,1,3
ZEM001 - DB04,27.8,ZEM001,DB04,2025-05-02,Friday,1,4
ZEM001 - DB04,16.5,ZEM001,DB04,2025-05-03,Saturday,1,5
ZEM001 - DB04,14.4,ZEM001,DB04,2025-05-04,Sunday,1,6
ZEM001 - DB04,22.1,ZEM001,DB04,2025-05-05,Monday,1,0
ZEM001 - DB04,28.7,ZEM001,DB04,2025-05-06,Tuesday,1,1
ZEM001 - DB04,26.6,ZEM001,DB04,2025-05-07,Wednesday,1,2
ZEM001 - DB04,24.1,ZEM001,DB04,2025-05-08,Thursday,1,3
ZEM001 - DB04,24.1,ZEM001,DB04,2025-05-09,Friday,1,4
ZEM001 - DB04,17.7,ZEM001,DB04,2025-05-10,Saturday,1,5
ZEM001 - DB04,18.1,ZEM001,DB04,2025-05-11,Sunday,1,6
ZEM001 - DB04,25.4,ZEM001,DB04,2025-05-12,Monday,1,0
ZEM001 - DB04,24.7,ZEM001,DB04,2025-05-13,Tuesday,1,1
ZEM001 - DB04,25.4,ZEM001,DB04,2025-05-14,Wednesday,1,2
ZEM001 - DB04,24.1,ZEM001,DB04,2025-05-15,Thursday,1,3
ZEM001 - DB04,22.9,ZEM001,DB04,2025-05-16,Friday,1,4
ZEM001 - DB04,18.2,ZEM001,DB04,2025-05-17,Saturday,1,5
ZEM001 - DB04,18.7,ZEM001,DB04,2025-05-18,Sunday,1,6
ZEM001 - DB04,26.1,ZEM001,DB04,2025-05-19,Monday,1,0
ZEM001 - DB04,26.5,ZEM001,DB04,2025-05-20,Tuesday,1,1
ZEM001 - DB04,25.0,ZEM001,DB04,2025-05-21,Wednesday,1,2
ZEM001 - DB04,26.7,ZEM001,DB04,2025-05-22,Thursday,1,3
ZEM001 - DB04,22.0,ZEM001,DB04,2025-05-23,Friday,1,4
ZEM001 - DB04,15.5,ZEM001,DB04,2025-05-24,Saturday,1,5
ZEM001 - DB04,14.7,ZEM001,DB04,2025-05-25,Sunday,1,6
ZEM001 - DB04,19.9,ZEM001,DB04,2025-05-26,Monday,1,0
ZEM001 - DB04,22.7,ZEM001,DB04,2025-05-27,Tuesday,1,1
ZEM001 - DB04,21.1,ZEM001,DB04,2025-05-28,Wednesday,1,2
ZEM001 - DB04,23.8,ZEM001,DB04,2025-05-29,Thursday,1,3
ZEM001 - DB04,23.1,ZEM001,DB04,2025-05-30,Friday,1,4
ZEM001 - DB04,18.3,ZEM001,DB04,2025-05-31,Saturday,1,5
ZEM001 - DB04,16.9,ZEM001,DB04,2025-06-01,Sunday,1,6
ZEM001 - DB04,22.0,ZEM001,DB04,2025-06-02,Monday,1,0
ZEM001 - DB04,22.1,ZEM001,DB04,2025-06-03,Tuesday,1,1
ZEM001 - DB04,23.5,ZEM001,DB04,2025-06-04,Wednesday,1,2
ZEM001 - DB04,20.8,ZEM001,DB04,2025-06-05,Thursday,1,3
ZEM001 - DB04,20.2,ZEM001,DB04,2025-06-06,Friday,1,4
ZEM001 - DB04,12.8,ZEM001,DB04,2025-06-07,Saturday,1,5
ZEM001 - DB04,12.2,ZEM001,DB04,2025-06-08,Sunday,1,6
ZEM001 - DB04,21.5,ZEM001,DB04,2025-06-09,Monday,1,0
ZEM001 - DB04,22.2,ZEM001,DB04,2025-06-10,Tuesday,1,1
ZEM001 - DB04,20.0,ZEM001,DB04,2025-06-11,Wednesday,1,2
ZEM001 - DB04,16.6,ZEM001,DB04,2025-06-12,Thursday,1,3
ZEM001 - DB04,16.4,ZEM001,DB04,2025-06-13,Friday,1,4
ZEM001 - DB04,14.7,ZEM001,DB04,2025-06-14,Saturday,1,5
ZEM001 - DB04,13.5,ZEM001,DB04,2025-06-15,Sunday,1,6
ZEM001 - DB04,18.2,ZEM001,DB04,2025-06-16,Monday,1,0
ZEM001 - DB04,21.0,ZEM001,DB04,2025-06-17,Tuesday,1,1
ZEM001 - DB04,22.7,ZEM001,DB04,2025-06-18,Wednesday,1,2
ZEM001 - DB04,23.9,ZEM001,DB04,2025-06-19,Thursday,1,3
ZEM001 - DB04,23.7,ZEM001,DB04,2025-06-20,Friday,1,4
ZEM001 - DB04,23.0,ZEM001,DB04,2025-06-21,Saturday,1,5
ZEM001 - DB04,19.4,ZEM001,DB04,2025-06-22,Sunday,1,6
ZEM001 - DB04,18.6,ZEM001,DB04,2025-06-23,Monday,1,0
ZEM001 - DB04,19.3,ZEM001,DB04,2025-06-24,Tuesday,1,1
ZEM001 - DB04,17.6,ZEM001,DB04,2025-06-25,Wednesday,1,2
ZEM001 - DB04,18.2,ZEM001,DB04,2025-06-26,Thursday,1,3
ZEM001 - DB04,17.3,ZEM001,DB04,2025-06-27,Friday,1,4
ZEM001 - DB04,18.9,ZEM001,DB04,2025-06-28,Saturday,1,5
ZEM001 - DB04,17.8,ZEM001,DB04,2025-06-29,Sunday,1,6
ZEM001 - DB04,20.9,ZEM001,DB04,2025-06-30,Monday,1,0
ZEM001 - DB04,18.2,ZEM001,DB04,2025-07-01,Tuesday,1,1
ZEM001 - DB04,17.6,ZEM001,DB04,2025-07-02,Wednesday,1,2
ZEM001 - DB04,15.1,ZEM001,DB04,2025-07-03,Thursday,1,3
ZEM001 - DB04,9.8,ZEM001,DB04,2025-07-04,Friday,1,4
ZEM001 - DB04,9.4,ZEM001,DB04,2025-07-05,Saturday,1,5
ZEM001 - DB04,8.8,ZEM001,DB04,2025-07-06,Sunday,1,6
ZEM001 - DB04,18.1,ZEM001,DB04,2025-07-07,Monday,1,0
ZEM001 - DB04,27.1,ZEM001,DB04,2025-07-08,Tuesday,1,1
ZEM001 - DB04,24.2,ZEM001,DB04,2025-07-09,Wednesday,1,2
ZEM001 - DB04,27.3,ZEM001,DB04,2025-07-10,Thursday,1,3
ZEM001 - DB04,28.9,ZEM001,DB04,2025-07-11,Friday,1,4
ZEM001 - DB04,30.9,ZEM001,DB04,2025-07-12,Saturday,1,5
ZEM001 - DB04,30.1,ZEM001,DB04,2025-07-13,Sunday,1,6
ZEM001 - DB04,29.4,ZEM001,DB04,2025-07-14,Monday,1,0
ZEM001 - DB04,22.8,ZEM001,DB04,2025-07-15,Tuesday,1,1
ZEM001 - DB04,23.2,ZEM001,DB04,2025-07-16,Wednesday,1,2
ZEM001 - DB04,23.9,ZEM001,DB04,2025-07-17,Thursday,1,3
ZEM001 - DB04,22.8,ZEM001,DB04,2025-07-18,Friday,1,4
ZEM001 - DB04,21.8,ZEM001,DB04,2025-07-19,Saturday,1,5
ZEM001 - DB04,20.8,ZEM001,DB04,2025-07-20,Sunday,1,6
ZEM001 - DB04,21.3,ZEM001,DB04,2025-07-21,Monday,1,0
ZEM001 - DB04,20.0,ZEM001,DB04,2025-07-22,Tuesday,1,1
ZEM001 - DB04,11.7,ZEM001,DB04,2025-07-23,Wednesday,1,2
ZEM003 - CT02,0.52,ZEM003,CT02,2025-03-12,Wednesday,1,2
ZEM003 - CT02,1.58,ZEM003,CT02,2025-03-13,Thursday,1,3
ZEM003 - CT02,1.45,ZEM003,CT02,2025-03-14,Friday,1,4
ZEM003 - CT02,0.0,ZEM003,CT02,2025-03-15,Saturday,1,5
ZEM003 - CT02,0.0,ZEM003,CT02,2025-03-16,Sunday,1,6
ZEM003 - CT02,1.36,ZEM003,CT02,2025-03-17,Monday,1,0
ZEM003 - CT02,1.63,ZEM003,CT02,2025-03-18,Tuesday,1,1
ZEM003 - CT02,1.43,ZEM003,CT02,2025-03-19,Wednesday,1,2
ZEM003 - CT02,1.57,ZEM003,CT02,2025-03-20,Thursday,1,3
ZEM003 - CT02,1.43,ZEM003,CT02,2025-03-21,Friday,1,4
ZEM003 - CT02,0.0,ZEM003,CT02,2025-03-22,Saturday,1,5
ZEM003 - CT02,0.0,ZEM003,CT02,2025-03-23,Sunday,1,6
ZEM003 - CT02,1.51,ZEM003,CT02,2025-03-24,Monday,1,0
ZEM003 - CT02,1.96,ZEM003,CT02,2025-03-25,Tuesday,1,1
ZEM003 - CT02,1.62,ZEM003,CT02,2025-03-26,Wednesday,1,2
ZEM003 - CT02,1.71,ZEM003,CT02,2025-03-27,Thursday,1,3
ZEM003 - CT02,1.47,ZEM003,CT02,2025-03-28,Friday,1,4
ZEM003 - CT02,0.0,ZEM003,CT02,2025-03-29,Saturday,1,5
ZEM003 - CT02,0.0,ZEM003,CT02,2025-03-30,Sunday,1,6
ZEM003 - CT02,1.65,ZEM003,CT02,2025-03-31,Monday,1,0
ZEM003 - CT02,1.96,ZEM003,CT02,2025-04-01,Tuesday,1,1
ZEM003 - CT02,1.63,ZEM003,CT02,2025-04-02,Wednesday,1,2
ZEM003 - CT02,1.63,ZEM003,CT02,2025-04-03,Thursday,1,3
ZEM003 - CT02,1.38,ZEM003,CT02,2025-04-04,Friday,1,4
ZEM003 - CT02,0.0,ZEM003,CT02,2025-04-05,Saturday,1,5
ZEM003 - CT02,0.0,ZEM003,CT02,2025-04-06,Sunday,1,6
ZEM003 - CT02,1.72,ZEM003,CT02,2025-04-07,Monday,1,0
ZEM003 - CT02,2.05,ZEM003,CT02,2025-04-08,Tuesday,1,1
ZEM003 - CT02,1.69,ZEM003,CT02,2025-04-09,Wednesday,1,2
ZEM003 - CT02,1.75,ZEM003,CT02,2025-04-10,Thursday,1,3
ZEM003 - CT02,1.45,ZEM003,CT02,2025-04-11,Friday,1,4
ZEM003 - CT02,0.0,ZEM003,CT02,2025-04-12,Saturday,1,5
ZEM003 - CT02,0.0,ZEM003,CT02,2025-04-13,Sunday,1,6
ZEM003 - CT02,1.52,ZEM003,CT02,2025-04-14,Monday,1,0
ZEM003 - CT02,2.06,ZEM003,CT02,2025-04-15,Tuesday,1,1
ZEM003 - CT02,1.4,ZEM003,CT02,2025-04-16,Wednesday,1,2
ZEM003 - CT02,1.51,ZEM003,CT02,2025-04-17,Thursday,1,3
ZEM003 - CT02,1.35,ZEM003,CT02,2025-04-18,Friday,1,4
ZEM003 - CT02,0.0,ZEM003,CT02,2025-04-19,Saturday,1,5
ZEM003 - CT02,0.0,ZEM003,CT02,2025-04-20,Sunday,1,6
ZEM003 - CT02,1.37,ZEM003,CT02,2025-04-21,Monday,1,0
ZEM003 - CT02,1.67,ZEM003,CT02,2025-04-22,Tuesday,1,1
ZEM003 - CT02,1.77,ZEM003,CT02,2025-04-23,Wednesday,1,2
ZEM003 - CT02,1.58,ZEM003,CT02,2025-04-24,Thursday,1,3
ZEM003 - CT02,1.53,ZEM003,CT02,2025-04-25,Friday,1,4
ZEM003 - CT02,0.0,ZEM003,CT02,2025-04-26,Saturday,1,5
ZEM003 - CT02,0.0,ZEM003,CT02,2025-04-27,Sunday,1,6
ZEM003 - CT02,1.51,ZEM003,CT02,2025-04-28,Monday,1,0
ZEM003 - CT02,1.69,ZEM003,CT02,2025-04-29,Tuesday,1,1
ZEM003 - CT02,1.61,ZEM003,CT02,2025-04-30,Wednesday,1,2
ZEM003 - CT02,1.73,ZEM003,CT02,2025-05-01,Thursday,1,3
ZEM003 - CT02,1.41,ZEM003,CT02,2025-05-02,Friday,1,4
ZEM003 - CT02,0.0,ZEM003,CT02,2025-05-03,Saturday,1,5
ZEM003 - CT02,0.0,ZEM003,CT02,2025-05-04,Sunday,1,6
ZEM003 - CT02,1.37,ZEM003,CT02,2025-05-05,Monday,1,0
ZEM003 - CT02,1.93,ZEM003,CT02,2025-05-06,Tuesday,1,1
ZEM003 - CT02,2.2,ZEM003,CT02,2025-05-07,Wednesday,1,2
ZEM003 - CT02,1.53,ZEM003,CT02,2025-05-08,Thursday,1,3
ZEM003 - CT02,1.4,ZEM003,CT02,2025-05-09,Friday,1,4
ZEM003 - CT02,0.0,ZEM003,CT02,2025-05-10,Saturday,1,5
ZEM003 - CT02,0.0,ZEM003,CT02,2025-05-11,Sunday,1,6
ZEM003 - CT02,1.67,ZEM003,CT02,2025-05-12,Monday,1,0
ZEM003 - CT02,1.78,ZEM003,CT02,2025-05-13,Tuesday,1,1
ZEM003 - CT02,1.71,ZEM003,CT02,2025-05-14,Wednesday,1,2
ZEM003 - CT02,1.6,ZEM003,CT02,2025-05-15,Thursday,1,3
ZEM003 - CT02,1.38,ZEM003,CT02,2025-05-16,Friday,1,4
ZEM003 - CT02,0.0,ZEM003,CT02,2025-05-17,Saturday,1,5
ZEM003 - CT02,0.0,ZEM003,CT02,2025-05-18,Sunday,1,6
ZEM003 - CT02,1.74,ZEM003,CT02,2025-05-19,Monday,1,0
ZEM003 - CT02,1.9,ZEM003,CT02,2025-05-20,Tuesday,1,1
ZEM003 - CT02,1.92,ZEM003,CT02,2025-05-21,Wednesday,1,2
ZEM003 - CT02,1.49,ZEM003,CT02,2025-05-22,Thursday,1,3
ZEM003 - CT02,1.55,ZEM003,CT02,2025-05-23,Friday,1,4
ZEM003 - CT02,0.0,ZEM003,CT02,2025-05-24,Saturday,1,5
ZEM003 - CT02,0.0,ZEM003,CT02,2025-05-25,Sunday,1,6
ZEM003 - CT02,1.42,ZEM003,CT02,2025-05-26,Monday,1,0
ZEM003 - CT02,1.6,ZEM003,CT02,2025-05-27,Tuesday,1,1
ZEM003 - CT02,1.6,ZEM003,CT02,2025-05-28,Wednesday,1,2
ZEM003 - CT02,1.81,ZEM003,CT02,2025-05-29,Thursday,1,3
ZEM003 - CT02,1.36,ZEM003,CT02,2025-05-30,Friday,1,4
ZEM003 - CT02,0.0,ZEM003,CT02,2025-05-31,Saturday,1,5
ZEM003 - CT02,0.0,ZEM003,CT02,2025-06-01,Sunday,1,6
ZEM003 - CT02,1.34,ZEM003,CT02,2025-06-02,Monday,1,0
ZEM003 - CT02,1.78,ZEM003,CT02,2025-06-03,Tuesday,1,1
ZEM003 - CT02,1.38,ZEM003,CT02,2025-06-04,Wednesday,1,2
ZEM003 - CT02,1.6,ZEM003,CT02,2025-06-05,Thursday,1,3
ZEM003 - CT02,1.34,ZEM003,CT02,2025-06-06,Friday,1,4
ZEM003 - CT02,0.0,ZEM003,CT02,2025-06-07,Saturday,1,5
ZEM003 - CT02,0.0,ZEM003,CT02,2025-06-08,Sunday,1,6
ZEM003 - CT02,1.57,ZEM003,CT02,2025-06-09,Monday,1,0
ZEM003 - CT02,2.22,ZEM003,CT02,2025-06-10,Tuesday,1,1
ZEM003 - CT02,1.64,ZEM003,CT02,2025-06-11,Wednesday,1,2
ZEM003 - CT02,1.45,ZEM003,CT02,2025-06-12,Thursday,1,3
ZEM003 - CT02,1.43,ZEM003,CT02,2025-06-13,Friday,1,4
ZEM003 - CT02,0.0,ZEM003,CT02,2025-06-14,Saturday,1,5
ZEM003 - CT02,0.0,ZEM003,CT02,2025-06-15,Sunday,1,6
ZEM003 - CT02,1.41,ZEM003,CT02,2025-06-16,Monday,1,0
ZEM003 - CT02,1.76,ZEM003,CT02,2025-06-17,Tuesday,1,1
ZEM003 - CT02,1.8,ZEM003,CT02,2025-06-18,Wednesday,1,2
ZEM003 - CT02,1.61,ZEM003,CT02,2025-06-19,Thursday,1,3
ZEM003 - CT02,1.46,ZEM003,CT02,2025-06-20,Friday,1,4
ZEM003 - CT02,0.0,ZEM003,CT02,2025-06-21,Saturday,1,5
ZEM003 - CT02,0.0,ZEM003,CT02,2025-06-22,Sunday,1,6
ZEM003 - CT02,1.53,ZEM003,CT02,2025-06-23,Monday,1,0
ZEM003 - CT02,2.05,ZEM003,CT02,2025-06-24,Tuesday,1,1
ZEM003 - CT02,1.6,ZEM003,CT02,2025-06-25,Wednesday,1,2
ZEM003 - CT02,1.4,ZEM003,CT02,2025-06-26,Thursday,1,3
ZEM003 - CT02,1.41,ZEM003,CT02,2025-06-27,Friday,1,4
ZEM003 - CT02,0.0,ZEM003,CT02,2025-06-28,Saturday,1,5
ZEM003 - CT02,0.0,ZEM003,CT02,2025-06-29,Sunday,1,6
ZEM003 - CT02,2.1,ZEM003,CT02,2025-06-30,Monday,1,0
ZEM003 - CT02,1.69,ZEM003,CT02,2025-07-01,Tuesday,1,1
ZEM003 - CT02,1.72,ZEM003,CT02,2025-07-02,Wednesday,1,2
ZEM003 - CT02,1.61,ZEM003,CT02,2025-07-03,Thursday,1,3
ZEM003 - CT02,1.51,ZEM003,CT02,2025-07-04,Friday,1,4
ZEM003 - CT02,0.0,ZEM003,CT02,2025-07-05,Saturday,1,5
ZEM003 - CT02,0.0,ZEM003,CT02,2025-07-06,Sunday,1,6
ZEM003 - CT02,1.45,ZEM003,CT02,2025-07-07,Monday,1,0
ZEM003 - CT02,2.04,ZEM003,CT02,2025-07-08,Tuesday,1,1
ZEM003 - CT02,1.74,ZEM003,CT02,2025-07-09,Wednesday,1,2
ZEM003 - CT02,1.56,ZEM003,CT02,2025-07-10,Thursday,1,3
ZEM003 - CT02,1.55,ZEM003,CT02,2025-07-11,Friday,1,4
ZEM003 - CT02,0.0,ZEM003,CT02,2025-07-12,Saturday,1,5
ZEM003 - CT02,0.0,ZEM003,CT02,2025-07-13,Sunday,1,6
ZEM003 - CT02,1.75,ZEM003,CT02,2025-07-14,Monday,1,0
ZEM003 - CT02,2.13,ZEM003,CT02,2025-07-15,Tuesday,1,1
ZEM003 - CT02,1.77,ZEM003,CT02,2025-07-16,Wednesday,1,2
ZEM003 - CT02,1.59,ZEM003,CT02,2025-07-17,Thursday,1,3
ZEM003 - CT02,1.52,ZEM003,CT02,2025-07-18,Friday,1,4
ZEM003 - CT02,0.0,ZEM003,CT02,2025-07-19,Saturday,1,5
ZEM003 - CT02,0.0,ZEM003,CT02,2025-07-20,Sunday,1,6
ZEM003 - CT02,1.73,ZEM003,CT02,2025-07-21,Monday,1,0
ZEM003 - CT02,1.8,ZEM003,CT02,2025-07-22,Tuesday,1,1
ZEM003 - CT02,1.29,ZEM003,CT02,2025-07-23,Wednesday,1,2
ZEM002 - DB05,4.5,ZEM002,DB05,2025-03-12,Wednesday,1,2
ZEM002 - DB05,9.0,ZEM002,DB05,2025-03-13,Thursday,1,3
ZEM002 - DB05,7.8,ZEM002,DB05,2025-03-14,Friday,1,4
ZEM002 - DB05,0.4,ZEM002,DB05,2025-03-15,Saturday,1,5
ZEM002 - DB05,0.1,ZEM002,DB05,2025-03-16,Sunday,1,6
ZEM002 - DB05,1.8,ZEM002,DB05,2025-03-17,Monday,1,0
ZEM002 - DB05,9.4,ZEM002,DB05,2025-03-18,Tuesday,1,1
ZEM002 - DB05,8.8,ZEM002,DB05,2025-03-19,Wednesday,1,2
ZEM002 - DB05,8.7,ZEM002,DB05,2025-03-20,Thursday,1,3
ZEM002 - DB05,3.4,ZEM002,DB05,2025-03-21,Friday,1,4
ZEM002 - DB05,1.2,ZEM002,DB05,2025-03-22,Saturday,1,5
ZEM002 - DB05,0.0,ZEM002,DB05,2025-03-23,Sunday,1,6
ZEM002 - DB05,9.5,ZEM002,DB05,2025-03-24,Monday,1,0
ZEM002 - DB05,12.3,ZEM002,DB05,2025-03-25,Tuesday,1,1
ZEM002 - DB05,10.0,ZEM002,DB05,2025-03-26,Wednesday,1,2
ZEM002 - DB05,15.2,ZEM002,DB05,2025-03-27,Thursday,1,3
ZEM002 - DB05,10.7,ZEM002,DB05,2025-03-28,Friday,1,4
ZEM002 - DB05,13.3,ZEM002,DB05,2025-03-29,Saturday,1,5
ZEM002 - DB05,14.7,ZEM002,DB05,2025-03-30,Sunday,1,6
ZEM002 - DB05,11.9,ZEM002,DB05,2025-03-31,Monday,1,0
ZEM002 - DB05,18.5,ZEM002,DB05,2025-04-01,Tuesday,1,1
ZEM002 - DB05,10.5,ZEM002,DB05,2025-04-02,Wednesday,1,2
ZEM002 - DB05,9.0,ZEM002,DB05,2025-04-03,Thursday,1,3
ZEM002 - DB05,10.8,ZEM002,DB05,2025-04-04,Friday,1,4
ZEM002 - DB05,14.3,ZEM002,DB05,2025-04-05,Saturday,1,5
ZEM002 - DB05,15.6,ZEM002,DB05,2025-04-06,Sunday,1,6
ZEM002 - DB05,12.3,ZEM002,DB05,2025-04-07,Monday,1,0
ZEM002 - DB05,16.2,ZEM002,DB05,2025-04-08,Tuesday,1,1
ZEM002 - DB05,6.0,ZEM002,DB05,2025-04-09,Wednesday,1,2
ZEM002 - DB05,9.4,ZEM002,DB05,2025-04-10,Thursday,1,3
ZEM002 - DB05,15.7,ZEM002,DB05,2025-04-11,Friday,1,4
ZEM002 - DB05,13.8,ZEM002,DB05,2025-04-12,Saturday,1,5
ZEM002 - DB05,3.4,ZEM002,DB05,2025-04-13,Sunday,1,6
ZEM002 - DB05,10.5,ZEM002,DB05,2025-04-14,Monday,1,0
ZEM002 - DB05,9.9,ZEM002,DB05,2025-04-15,Tuesday,1,1
ZEM002 - DB05,9.7,ZEM002,DB05,2025-04-16,Wednesday,1,2
ZEM002 - DB05,8.9,ZEM002,DB05,2025-04-17,Thursday,1,3
ZEM002 - DB05,8.8,ZEM002,DB05,2025-04-18,Friday,1,4
ZEM002 - DB05,0.0,ZEM002,DB05,2025-04-19,Saturday,1,5
ZEM002 - DB05,0.0,ZEM002,DB05,2025-04-20,Sunday,1,6
ZEM002 - DB05,2.3,ZEM002,DB05,2025-04-21,Monday,1,0
ZEM002 - DB05,9.0,ZEM002,DB05,2025-04-22,Tuesday,1,1
ZEM002 - DB05,12.0,ZEM002,DB05,2025-04-23,Wednesday,1,2
ZEM002 - DB05,16.0,ZEM002,DB05,2025-04-24,Thursday,1,3
ZEM002 - DB05,9.8,ZEM002,DB05,2025-04-25,Friday,1,4
ZEM002 - DB05,3.3,ZEM002,DB05,2025-04-26,Saturday,1,5
ZEM002 - DB05,4.4,ZEM002,DB05,2025-04-27,Sunday,1,6
ZEM002 - DB05,7.8,ZEM002,DB05,2025-04-28,Monday,1,0
ZEM002 - DB05,15.4,ZEM002,DB05,2025-04-29,Tuesday,1,1
ZEM002 - DB05,12.5,ZEM002,DB05,2025-04-30,Wednesday,1,2
ZEM002 - DB05,21.2,ZEM002,DB05,2025-05-01,Thursday,1,3
ZEM002 - DB05,13.1,ZEM002,DB05,2025-05-02,Friday,1,4
ZEM002 - DB05,7.4,ZEM002,DB05,2025-05-03,Saturday,1,5
ZEM002 - DB05,5.5,ZEM002,DB05,2025-05-04,Sunday,1,6
ZEM002 - DB05,7.2,ZEM002,DB05,2025-05-05,Monday,1,0
ZEM002 - DB05,15.3,ZEM002,DB05,2025-05-06,Tuesday,1,1
ZEM002 - DB05,15.1,ZEM002,DB05,2025-05-07,Wednesday,1,2
ZEM002 - DB05,20.1,ZEM002,DB05,2025-05-08,Thursday,1,3
ZEM002 - DB05,11.3,ZEM002,DB05,2025-05-09,Friday,1,4
ZEM002 - DB05,21.7,ZEM002,DB05,2025-05-10,Saturday,1,5
ZEM002 - DB05,22.2,ZEM002,DB05,2025-05-11,Sunday,1,6
ZEM002 - DB05,20.4,ZEM002,DB05,2025-05-12,Monday,1,0
ZEM002 - DB05,16.6,ZEM002,DB05,2025-05-13,Tuesday,1,1
ZEM002 - DB05,18.0,ZEM002,DB05,2025-05-14,Wednesday,1,2
ZEM002 - DB05,21.4,ZEM002,DB05,2025-05-15,Thursday,1,3
ZEM002 - DB05,15.8,ZEM002,DB05,2025-05-16,Friday,1,4
ZEM002 - DB05,22.3,ZEM002,DB05,2025-05-17,Saturday,1,5
ZEM002 - DB05,22.8,ZEM002,DB05,2025-05-18,Sunday,1,6
ZEM002 - DB05,21.5,ZEM002,DB05,2025-05-19,Monday,1,0
ZEM002 - DB05,19.5,ZEM002,DB05,2025-05-20,Tuesday,1,1
ZEM002 - DB05,20.1,ZEM002,DB05,2025-05-21,Wednesday,1,2
ZEM002 - DB05,17.8,ZEM002,DB05,2025-05-22,Thursday,1,3
ZEM002 - DB05,20.2,ZEM002,DB05,2025-05-23,Friday,1,4
ZEM002 - DB05,6.1,ZEM002,DB05,2025-05-24,Saturday,1,5
ZEM002 - DB05,5.5,ZEM002,DB05,2025-05-25,Sunday,1,6
ZEM002 - DB05,11.2,ZEM002,DB05,2025-05-26,Monday,1,0
ZEM002 - DB05,10.7,ZEM002,DB05,2025-05-27,Tuesday,1,1
ZEM002 - DB05,12.9,ZEM002,DB05,2025-05-28,Wednesday,1,2
ZEM002 - DB05,15.7,ZEM002,DB05,2025-05-29,Thursday,1,3
ZEM002 - DB05,19.4,ZEM002,DB05,2025-05-30,Friday,1,4
ZEM002 - DB05,22.1,ZEM002,DB05,2025-05-31,Saturday,1,5
ZEM002 - DB05,20.7,ZEM002,DB05,2025-06-01,Sunday,1,6
ZEM002 - DB05,21.9,ZEM002,DB05,2025-06-02,Monday,1,0
ZEM002 - DB05,20.4,ZEM002,DB05,2025-06-03,Tuesday,1,1
ZEM002 - DB05,14.3,ZEM002,DB05,2025-06-04,Wednesday,1,2
ZEM002 - DB05,14.5,ZEM002,DB05,2025-06-05,Thursday,1,3
ZEM002 - DB05,14.5,ZEM002,DB05,2025-06-06,Friday,1,4
ZEM002 - DB05,16.8,ZEM002,DB05,2025-06-07,Saturday,1,5
ZEM002 - DB05,16.3,ZEM002,DB05,2025-06-08,Sunday,1,6
ZEM002 - DB05,11.7,ZEM002,DB05,2025-06-09,Monday,1,0
ZEM002 - DB05,13.0,ZEM002,DB05,2025-06-10,Tuesday,1,1
ZEM002 - DB05,14.3,ZEM002,DB05,2025-06-11,Wednesday,1,2
ZEM002 - DB05,14.3,ZEM002,DB05,2025-06-12,Thursday,1,3
ZEM002 - DB05,10.7,ZEM002,DB05,2025-06-13,Friday,1,4
ZEM002 - DB05,5.7,ZEM002,DB05,2025-06-14,Saturday,1,5
ZEM002 - DB05,4.6,ZEM002,DB05,2025-06-15,Sunday,1,6
ZEM002 - DB05,9.9,ZEM002,DB05,2025-06-16,Monday,1,0
ZEM002 - DB05,18.9,ZEM002,DB05,2025-06-17,Tuesday,1,1
ZEM002 - DB05,20.0,ZEM002,DB05,2025-06-18,Wednesday,1,2
ZEM002 - DB05,22.8,ZEM002,DB05,2025-06-19,Thursday,1,3
ZEM002 - DB05,22.1,ZEM002,DB05,2025-06-20,Friday,1,4
ZEM002 - DB05,27.5,ZEM002,DB05,2025-06-21,Saturday,1,5
ZEM002 - DB05,23.7,ZEM002,DB05,2025-06-22,Sunday,1,6
ZEM002 - DB05,16.0,ZEM002,DB05,2025-06-23,Monday,1,0
ZEM002 - DB05,19.7,ZEM002,DB05,2025-06-24,Tuesday,1,1
ZEM002 - DB05,16.3,ZEM002,DB05,2025-06-25,Wednesday,1,2
ZEM002 - DB05,20.4,ZEM002,DB05,2025-06-26,Thursday,1,3
ZEM002 - DB05,16.0,ZEM002,DB05,2025-06-27,Friday,1,4
ZEM002 - DB05,9.8,ZEM002,DB05,2025-06-28,Saturday,1,5
ZEM002 - DB05,9.0,ZEM002,DB05,2025-06-29,Sunday,1,6
ZEM002 - DB05,16.7,ZEM002,DB05,2025-06-30,Monday,1,0
ZEM002 - DB05,14.7,ZEM002,DB05,2025-07-01,Tuesday,1,1
ZEM002 - DB05,11.4,ZEM002,DB05,2025-07-02,Wednesday,1,2
ZEM002 - DB05,12.3,ZEM002,DB05,2025-07-03,Thursday,1,3
ZEM002 - DB05,7.9,ZEM002,DB05,2025-07-04,Friday,1,4
ZEM002 - DB05,1.1,ZEM002,DB05,2025-07-05,Saturday,1,5
ZEM002 - DB05,1.1,ZEM002,DB05,2025-07-06,Sunday,1,6
ZEM002 - DB05,15.7,ZEM002,DB05,2025-07-07,Monday,1,0
ZEM002 - DB05,25.3,ZEM002,DB05,2025-07-08,Tuesday,1,1
ZEM002 - DB05,22.8,ZEM002,DB05,2025-07-09,Wednesday,1,2
ZEM002 - DB05,19.6,ZEM002,DB05,2025-07-10,Thursday,1,3
ZEM002 - DB05,25.6,ZEM002,DB05,2025-07-11,Friday,1,4
ZEM002 - DB05,23.1,ZEM002,DB05,2025-07-12,Saturday,1,5
ZEM002 - DB05,22.4,ZEM002,DB05,2025-07-13,Sunday,1,6
ZEM002 - DB05,26.9,ZEM002,DB05,2025-07-14,Monday,1,0
ZEM002 - DB05,21.4,ZEM002,DB05,2025-07-15,Tuesday,1,1
ZEM002 - DB05,18.6,ZEM002,DB05,2025-07-16,Wednesday,1,2
ZEM002 - DB05,21.8,ZEM002,DB05,2025-07-17,Thursday,1,3
ZEM002 - DB05,16.5,ZEM002,DB05,2025-07-18,Friday,1,4
ZEM002 - DB05,27.2,ZEM002,DB05,2025-07-19,Saturday,1,5
ZEM002 - DB05,25.8,ZEM002,DB05,2025-07-20,Sunday,1,6
ZEM002 - DB05,14.0,ZEM002,DB05,2025-07-21,Monday,1,0
ZEM002 - DB05,16.2,ZEM002,DB05,2025-07-22,Tuesday,1,1
ZEM002 - DB05,8.7,ZEM002,DB05,2025-07-23,Wednesday,1,2
ZEM003 - CT03,0.1,ZEM003,CT03,2025-03-12,Wednesday,1,2
ZEM003 - CT03,0.59,ZEM003,CT03,2025-03-13,Thursday,1,3
ZEM003 - CT03,0.5,ZEM003,CT03,2025-03-14,Friday,1,4
ZEM003 - CT03,0.0,ZEM003,CT03,2025-03-15,Saturday,1,5
ZEM003 - CT03,0.0,ZEM003,CT03,2025-03-16,Sunday,1,6
ZEM003 - CT03,0.68,ZEM003,CT03,2025-03-17,Monday,1,0
ZEM003 - CT03,0.88,ZEM003,CT03,2025-03-18,Tuesday,1,1
ZEM003 - CT03,0.65,ZEM003,CT03,2025-03-19,Wednesday,1,2
ZEM003 - CT03,0.55,ZEM003,CT03,2025-03-20,Thursday,1,3
ZEM003 - CT03,0.5,ZEM003,CT03,2025-03-21,Friday,1,4
ZEM003 - CT03,0.0,ZEM003,CT03,2025-03-22,Saturday,1,5
ZEM003 - CT03,0.0,ZEM003,CT03,2025-03-23,Sunday,1,6
ZEM003 - CT03,0.73,ZEM003,CT03,2025-03-24,Monday,1,0
ZEM003 - CT03,1.04,ZEM003,CT03,2025-03-25,Tuesday,1,1
ZEM003 - CT03,0.67,ZEM003,CT03,2025-03-26,Wednesday,1,2
ZEM003 - CT03,0.66,ZEM003,CT03,2025-03-27,Thursday,1,3
ZEM003 - CT03,0.5,ZEM003,CT03,2025-03-28,Friday,1,4
ZEM003 - CT03,0.0,ZEM003,CT03,2025-03-29,Saturday,1,5
ZEM003 - CT03,0.0,ZEM003,CT03,2025-03-30,Sunday,1,6
ZEM003 - CT03,0.71,ZEM003,CT03,2025-03-31,Monday,1,0
ZEM003 - CT03,1.04,ZEM003,CT03,2025-04-01,Tuesday,1,1
ZEM003 - CT03,0.59,ZEM003,CT03,2025-04-02,Wednesday,1,2
ZEM003 - CT03,0.77,ZEM003,CT03,2025-04-03,Thursday,1,3
ZEM003 - CT03,0.43,ZEM003,CT03,2025-04-04,Friday,1,4
ZEM003 - CT03,0.0,ZEM003,CT03,2025-04-05,Saturday,1,5
ZEM003 - CT03,0.0,ZEM003,CT03,2025-04-06,Sunday,1,6
ZEM003 - CT03,0.66,ZEM003,CT03,2025-04-07,Monday,1,0
ZEM003 - CT03,1.29,ZEM003,CT03,2025-04-08,Tuesday,1,1
ZEM003 - CT03,0.56,ZEM003,CT03,2025-04-09,Wednesday,1,2
ZEM003 - CT03,0.62,ZEM003,CT03,2025-04-10,Thursday,1,3
ZEM003 - CT03,0.43,ZEM003,CT03,2025-04-11,Friday,1,4
ZEM003 - CT03,0.0,ZEM003,CT03,2025-04-12,Saturday,1,5
ZEM003 - CT03,0.0,ZEM003,CT03,2025-04-13,Sunday,1,6
ZEM003 - CT03,0.74,ZEM003,CT03,2025-04-14,Monday,1,0
ZEM003 - CT03,1.36,ZEM003,CT03,2025-04-15,Tuesday,1,1
ZEM003 - CT03,0.5,ZEM003,CT03,2025-04-16,Wednesday,1,2
ZEM003 - CT03,0.58,ZEM003,CT03,2025-04-17,Thursday,1,3
ZEM003 - CT03,0.42,ZEM003,CT03,2025-04-18,Friday,1,4
ZEM003 - CT03,0.0,ZEM003,CT03,2025-04-19,Saturday,1,5
ZEM003 - CT03,0.0,ZEM003,CT03,2025-04-20,Sunday,1,6
ZEM003 - CT03,0.68,ZEM003,CT03,2025-04-21,Monday,1,0
ZEM003 - CT03,0.87,ZEM003,CT03,2025-04-22,Tuesday,1,1
ZEM003 - CT03,0.67,ZEM003,CT03,2025-04-23,Wednesday,1,2
ZEM003 - CT03,0.44,ZEM003,CT03,2025-04-24,Thursday,1,3
ZEM003 - CT03,0.51,ZEM003,CT03,2025-04-25,Friday,1,4
ZEM003 - CT03,0.0,ZEM003,CT03,2025-04-26,Saturday,1,5
ZEM003 - CT03,0.0,ZEM003,CT03,2025-04-27,Sunday,1,6
ZEM003 - CT03,0.58,ZEM003,CT03,2025-04-28,Monday,1,0
ZEM003 - CT03,0.78,ZEM003,CT03,2025-04-29,Tuesday,1,1
ZEM003 - CT03,0.51,ZEM003,CT03,2025-04-30,Wednesday,1,2
ZEM003 - CT03,0.44,ZEM003,CT03,2025-05-01,Thursday,1,3
ZEM003 - CT03,0.41,ZEM003,CT03,2025-05-02,Friday,1,4
ZEM003 - CT03,0.0,ZEM003,CT03,2025-05-03,Saturday,1,5
ZEM003 - CT03,0.0,ZEM003,CT03,2025-05-04,Sunday,1,6
ZEM003 - CT03,0.58,ZEM003,CT03,2025-05-05,Monday,1,0
ZEM003 - CT03,1.23,ZEM003,CT03,2025-05-06,Tuesday,1,1
ZEM003 - CT03,0.69,ZEM003,CT03,2025-05-07,Wednesday,1,2
ZEM003 - CT03,0.56,ZEM003,CT03,2025-05-08,Thursday,1,3
ZEM003 - CT03,0.54,ZEM003,CT03,2025-05-09,Friday,1,4
ZEM003 - CT03,0.0,ZEM003,CT03,2025-05-10,Saturday,1,5
ZEM003 - CT03,0.0,ZEM003,CT03,2025-05-11,Sunday,1,6
ZEM003 - CT03,0.82,ZEM003,CT03,2025-05-12,Monday,1,0
ZEM003 - CT03,1.09,ZEM003,CT03,2025-05-13,Tuesday,1,1
ZEM003 - CT03,0.64,ZEM003,CT03,2025-05-14,Wednesday,1,2
ZEM003 - CT03,0.65,ZEM003,CT03,2025-05-15,Thursday,1,3
ZEM003 - CT03,0.41,ZEM003,CT03,2025-05-16,Friday,1,4
ZEM003 - CT03,0.0,ZEM003,CT03,2025-05-17,Saturday,1,5
ZEM003 - CT03,0.0,ZEM003,CT03,2025-05-18,Sunday,1,6
ZEM003 - CT03,0.67,ZEM003,CT03,2025-05-19,Monday,1,0
ZEM003 - CT03,1.28,ZEM003,CT03,2025-05-20,Tuesday,1,1
ZEM003 - CT03,0.76,ZEM003,CT03,2025-05-21,Wednesday,1,2
ZEM003 - CT03,0.55,ZEM003,CT03,2025-05-22,Thursday,1,3
ZEM003 - CT03,0.4,ZEM003,CT03,2025-05-23,Friday,1,4
ZEM003 - CT03,0.0,ZEM003,CT03,2025-05-24,Saturday,1,5
ZEM003 - CT03,0.0,ZEM003,CT03,2025-05-25,Sunday,1,6
ZEM003 - CT03,0.64,ZEM003,CT03,2025-05-26,Monday,1,0
ZEM003 - CT03,0.91,ZEM003,CT03,2025-05-27,Tuesday,1,1
ZEM003 - CT03,0.55,ZEM003,CT03,2025-05-28,Wednesday,1,2
ZEM003 - CT03,0.68,ZEM003,CT03,2025-05-29,Thursday,1,3
ZEM003 - CT03,0.47,ZEM003,CT03,2025-05-30,Friday,1,4
ZEM003 - CT03,0.0,ZEM003,CT03,2025-05-31,Saturday,1,5
ZEM003 - CT03,0.0,ZEM003,CT03,2025-06-01,Sunday,1,6
ZEM003 - CT03,0.58,ZEM003,CT03,2025-06-02,Monday,1,0
ZEM003 - CT03,1.01,ZEM003,CT03,2025-06-03,Tuesday,1,1
ZEM003 - CT03,0.49,ZEM003,CT03,2025-06-04,Wednesday,1,2
ZEM003 - CT03,0.67,ZEM003,CT03,2025-06-05,Thursday,1,3
ZEM003 - CT03,0.88,ZEM003,CT03,2025-06-06,Friday,1,4
ZEM003 - CT03,0.0,ZEM003,CT03,2025-06-07,Saturday,1,5
ZEM003 - CT03,0.0,ZEM003,CT03,2025-06-08,Sunday,1,6
ZEM003 - CT03,0.7,ZEM003,CT03,2025-06-09,Monday,1,0
ZEM003 - CT03,1.06,ZEM003,CT03,2025-06-10,Tuesday,1,1
ZEM003 - CT03,0.48,ZEM003,CT03,2025-06-11,Wednesday,1,2
ZEM003 - CT03,0.58,ZEM003,CT03,2025-06-12,Thursday,1,3
ZEM003 - CT03,0.46,ZEM003,CT03,2025-06-13,Friday,1,4
ZEM003 - CT03,0.0,ZEM003,CT03,2025-06-14,Saturday,1,5
ZEM003 - CT03,0.0,ZEM003,CT03,2025-06-15,Sunday,1,6
ZEM003 - CT03,0.63,ZEM003,CT03,2025-06-16,Monday,1,0
ZEM003 - CT03,0.61,ZEM003,CT03,2025-06-17,Tuesday,1,1
ZEM003 - CT03,0.5,ZEM003,CT03,2025-06-18,Wednesday,1,2
ZEM003 - CT03,0.69,ZEM003,CT03,2025-06-19,Thursday,1,3
ZEM003 - CT03,0.4,ZEM003,CT03,2025-06-20,Friday,1,4
ZEM003 - CT03,0.0,ZEM003,CT03,2025-06-21,Saturday,1,5
ZEM003 - CT03,0.0,ZEM003,CT03,2025-06-22,Sunday,1,6
ZEM003 - CT03,0.66,ZEM003,CT03,2025-06-23,Monday,1,0
ZEM003 - CT03,1.0,ZEM003,CT03,2025-06-24,Tuesday,1,1
ZEM003 - CT03,0.46,ZEM003,CT03,2025-06-25,Wednesday,1,2
ZEM003 - CT03,0.41,ZEM003,CT03,2025-06-26,Thursday,1,3
ZEM003 - CT03,0.41,ZEM003,CT03,2025-06-27,Friday,1,4
ZEM003 - CT03,0.0,ZEM003,CT03,2025-06-28,Saturday,1,5
ZEM003 - CT03,0.0,ZEM003,CT03,2025-06-29,Sunday,1,6
ZEM003 - CT03,0.61,ZEM003,CT03,2025-06-30,Monday,1,0
ZEM003 - CT03,0.62,ZEM003,CT03,2025-07-01,Tuesday,1,1
ZEM003 - CT03,0.61,ZEM003,CT03,2025-07-02,Wednesday,1,2
ZEM003 - CT03,0.48,ZEM003,CT03,2025-07-03,Thursday,1,3
ZEM003 - CT03,0.42,ZEM003,CT03,2025-07-04,Friday,1,4
ZEM003 - CT03,0.0,ZEM003,CT03,2025-07-05,Saturday,1,5
ZEM003 - CT03,0.0,ZEM003,CT03,2025-07-06,Sunday,1,6
ZEM003 - CT03,0.79,ZEM003,CT03,2025-07-07,Monday,1,0
ZEM003 - CT03,0.64,ZEM003,CT03,2025-07-08,Tuesday,1,1
ZEM003 - CT03,0.54,ZEM003,CT03,2025-07-09,Wednesday,1,2
ZEM003 - CT03,0.34,ZEM003,CT03,2025-07-10,Thursday,1,3
ZEM003 - CT03,0.39,ZEM003,CT03,2025-07-11,Friday,1,4
ZEM003 - CT03,0.0,ZEM003,CT03,2025-07-12,Saturday,1,5
ZEM003 - CT03,0.0,ZEM003,CT03,2025-07-13,Sunday,1,6
ZEM003 - CT03,0.57,ZEM003,CT03,2025-07-14,Monday,1,0
ZEM003 - CT03,0.7,ZEM003,CT03,2025-07-15,Tuesday,1,1
ZEM003 - CT03,0.42,ZEM003,CT03,2025-07-16,Wednesday,1,2
ZEM003 - CT03,0.42,ZEM003,CT03,2025-07-17,Thursday,1,3
ZEM003 - CT03,0.4,ZEM003,CT03,2025-07-18,Friday,1,4
ZEM003 - CT03,0.0,ZEM003,CT03,2025-07-19,Saturday,1,5
ZEM003 - CT03,0.0,ZEM003,CT03,2025-07-20,Sunday,1,6
ZEM003 - CT03,0.66,ZEM003,CT03,2025-07-21,Monday,1,0
ZEM003 - CT03,1.0,ZEM003,CT03,2025-07-22,Tuesday,1,1
ZEM003 - CT03,0.43,ZEM003,CT03,2025-07-23,Wednesday,1,2
ZEM003 - DB05,1.3,ZEM003,DB05,2025-03-12,Wednesday,1,2
ZEM003 - DB05,4.4,ZEM003,DB05,2025-03-13,Thursday,1,3
ZEM003 - DB05,3.0,ZEM003,DB05,2025-03-14,Friday,1,4
ZEM003 - DB05,0.3,ZEM003,DB05,2025-03-15,Saturday,1,5
ZEM003 - DB05,0.3,ZEM003,DB05,2025-03-16,Sunday,1,6
ZEM003 - DB05,2.3,ZEM003,DB05,2025-03-17,Monday,1,0
ZEM003 - DB05,4.7,ZEM003,DB05,2025-03-18,Tuesday,1,1
ZEM003 - DB05,4.6,ZEM003,DB05,2025-03-19,Wednesday,1,2
ZEM003 - DB05,3.9,ZEM003,DB05,2025-03-20,Thursday,1,3
ZEM003 - DB05,3.4,ZEM003,DB05,2025-03-21,Friday,1,4
ZEM003 - DB05,0.3,ZEM003,DB05,2025-03-22,Saturday,1,5
ZEM003 - DB05,0.3,ZEM003,DB05,2025-03-23,Sunday,1,6
ZEM003 - DB05,4.0,ZEM003,DB05,2025-03-24,Monday,1,0
ZEM003 - DB05,5.7,ZEM003,DB05,2025-03-25,Tuesday,1,1
ZEM003 - DB05,4.7,ZEM003,DB05,2025-03-26,Wednesday,1,2
ZEM003 - DB05,4.0,ZEM003,DB05,2025-03-27,Thursday,1,3
ZEM003 - DB05,3.1,ZEM003,DB05,2025-03-28,Friday,1,4
ZEM003 - DB05,0.3,ZEM003,DB05,2025-03-29,Saturday,1,5
ZEM003 - DB05,0.2,ZEM003,DB05,2025-03-30,Sunday,1,6
ZEM003 - DB05,3.4,ZEM003,DB05,2025-03-31,Monday,1,0
ZEM003 - DB05,5.7,ZEM003,DB05,2025-04-01,Tuesday,1,1
ZEM003 - DB05,4.3,ZEM003,DB05,2025-04-02,Wednesday,1,2
ZEM003 - DB05,4.9,ZEM003,DB05,2025-04-03,Thursday,1,3
ZEM003 - DB05,2.5,ZEM003,DB05,2025-04-04,Friday,1,4
ZEM003 - DB05,0.3,ZEM003,DB05,2025-04-05,Saturday,1,5
ZEM003 - DB05,0.3,ZEM003,DB05,2025-04-06,Sunday,1,6
ZEM003 - DB05,4.3,ZEM003,DB05,2025-04-07,Monday,1,0
ZEM003 - DB05,6.8,ZEM003,DB05,2025-04-08,Tuesday,1,1
ZEM003 - DB05,4.7,ZEM003,DB05,2025-04-09,Wednesday,1,2
ZEM003 - DB05,4.1,ZEM003,DB05,2025-04-10,Thursday,1,3
ZEM003 - DB05,2.4,ZEM003,DB05,2025-04-11,Friday,1,4
ZEM003 - DB05,0.3,ZEM003,DB05,2025-04-12,Saturday,1,5
ZEM003 - DB05,0.3,ZEM003,DB05,2025-04-13,Sunday,1,6
ZEM003 - DB05,3.8,ZEM003,DB05,2025-04-14,Monday,1,0
ZEM003 - DB05,6.0,ZEM003,DB05,2025-04-15,Tuesday,1,1
ZEM003 - DB05,3.2,ZEM003,DB05,2025-04-16,Wednesday,1,2
ZEM003 - DB05,3.4,ZEM003,DB05,2025-04-17,Thursday,1,3
ZEM003 - DB05,2.2,ZEM003,DB05,2025-04-18,Friday,1,4
ZEM003 - DB05,0.3,ZEM003,DB05,2025-04-19,Saturday,1,5
ZEM003 - DB05,0.3,ZEM003,DB05,2025-04-20,Sunday,1,6
ZEM003 - DB05,2.4,ZEM003,DB05,2025-04-21,Monday,1,0
ZEM003 - DB05,4.5,ZEM003,DB05,2025-04-22,Tuesday,1,1
ZEM003 - DB05,4.1,ZEM003,DB05,2025-04-23,Wednesday,1,2
ZEM003 - DB05,3.7,ZEM003,DB05,2025-04-24,Thursday,1,3
ZEM003 - DB05,3.8,ZEM003,DB05,2025-04-25,Friday,1,4
ZEM003 - DB05,0.3,ZEM003,DB05,2025-04-26,Saturday,1,5
ZEM003 - DB05,0.3,ZEM003,DB05,2025-04-27,Sunday,1,6
ZEM003 - DB05,3.5,ZEM003,DB05,2025-04-28,Monday,1,0
ZEM003 - DB05,4.4,ZEM003,DB05,2025-04-29,Tuesday,1,1
ZEM003 - DB05,3.8,ZEM003,DB05,2025-04-30,Wednesday,1,2
ZEM003 - DB05,4.2,ZEM003,DB05,2025-05-01,Thursday,1,3
ZEM003 - DB05,2.7,ZEM003,DB05,2025-05-02,Friday,1,4
ZEM003 - DB05,0.3,ZEM003,DB05,2025-05-03,Saturday,1,5
ZEM003 - DB05,0.3,ZEM003,DB05,2025-05-04,Sunday,1,6
ZEM003 - DB05,2.2,ZEM003,DB05,2025-05-05,Monday,1,0
ZEM003 - DB05,5.9,ZEM003,DB05,2025-05-06,Tuesday,1,1
ZEM003 - DB05,6.0,ZEM003,DB05,2025-05-07,Wednesday,1,2
ZEM003 - DB05,3.1,ZEM003,DB05,2025-05-08,Thursday,1,3
ZEM003 - DB05,2.9,ZEM003,DB05,2025-05-09,Friday,1,4
ZEM003 - DB05,0.3,ZEM003,DB05,2025-05-10,Saturday,1,5
ZEM003 - DB05,0.3,ZEM003,DB05,2025-05-11,Sunday,1,6
ZEM003 - DB05,5.1,ZEM003,DB05,2025-05-12,Monday,1,0
ZEM003 - DB05,5.5,ZEM003,DB05,2025-05-13,Tuesday,1,1
ZEM003 - DB05,4.4,ZEM003,DB05,2025-05-14,Wednesday,1,2
ZEM003 - DB05,4.2,ZEM003,DB05,2025-05-15,Thursday,1,3
ZEM003 - DB05,2.3,ZEM003,DB05,2025-05-16,Friday,1,4
ZEM003 - DB05,0.3,ZEM003,DB05,2025-05-17,Saturday,1,5
ZEM003 - DB05,0.3,ZEM003,DB05,2025-05-18,Sunday,1,6
ZEM003 - DB05,4.5,ZEM003,DB05,2025-05-19,Monday,1,0
ZEM003 - DB05,6.0,ZEM003,DB05,2025-05-20,Tuesday,1,1
ZEM003 - DB05,4.6,ZEM003,DB05,2025-05-21,Wednesday,1,2
ZEM003 - DB05,3.2,ZEM003,DB05,2025-05-22,Thursday,1,3
ZEM003 - DB05,4.0,ZEM003,DB05,2025-05-23,Friday,1,4
ZEM003 - DB05,0.3,ZEM003,DB05,2025-05-24,Saturday,1,5
ZEM003 - DB05,0.3,ZEM003,DB05,2025-05-25,Sunday,1,6
ZEM003 - DB05,3.8,ZEM003,DB05,2025-05-26,Monday,1,0
ZEM003 - DB05,4.9,ZEM003,DB05,2025-05-27,Tuesday,1,1
ZEM003 - DB05,4.1,ZEM003,DB05,2025-05-28,Wednesday,1,2
ZEM003 - DB05,5.6,ZEM003,DB05,2025-05-29,Thursday,1,3
ZEM003 - DB05,3.0,ZEM003,DB05,2025-05-30,Friday,1,4
ZEM003 - DB05,0.3,ZEM003,DB05,2025-05-31,Saturday,1,5
ZEM003 - DB05,0.3,ZEM003,DB05,2025-06-01,Sunday,1,6
ZEM003 - DB05,2.2,ZEM003,DB05,2025-06-02,Monday,1,0
ZEM003 - DB05,5.3,ZEM003,DB05,2025-06-03,Tuesday,1,1
ZEM003 - DB05,3.3,ZEM003,DB05,2025-06-04,Wednesday,1,2
ZEM003 - DB05,4.7,ZEM003,DB05,2025-06-05,Thursday,1,3
ZEM003 - DB05,3.9,ZEM003,DB05,2025-06-06,Friday,1,4
ZEM003 - DB05,0.3,ZEM003,DB05,2025-06-07,Saturday,1,5
ZEM003 - DB05,0.3,ZEM003,DB05,2025-06-08,Sunday,1,6
ZEM003 - DB05,4.8,ZEM003,DB05,2025-06-09,Monday,1,0
ZEM003 - DB05,7.3,ZEM003,DB05,2025-06-10,Tuesday,1,1
ZEM003 - DB05,3.2,ZEM003,DB05,2025-06-11,Wednesday,1,2
ZEM003 - DB05,4.1,ZEM003,DB05,2025-06-12,Thursday,1,3
ZEM003 - DB05,3.3,ZEM003,DB05,2025-06-13,Friday,1,4
ZEM003 - DB05,0.3,ZEM003,DB05,2025-06-14,Saturday,1,5
ZEM003 - DB05,0.3,ZEM003,DB05,2025-06-15,Sunday,1,6
ZEM003 - DB05,3.6,ZEM003,DB05,2025-06-16,Monday,1,0
ZEM003 - DB05,6.2,ZEM003,DB05,2025-06-17,Tuesday,1,1
ZEM003 - DB05,4.6,ZEM003,DB05,2025-06-18,Wednesday,1,2
ZEM003 - DB05,4.4,ZEM003,DB05,2025-06-19,Thursday,1,3
ZEM003 - DB05,3.0,ZEM003,DB05,2025-06-20,Friday,1,4
ZEM003 - DB05,0.3,ZEM003,DB05,2025-06-21,Saturday,1,5
ZEM003 - DB05,0.3,ZEM003,DB05,2025-06-22,Sunday,1,6
ZEM003 - DB05,4.5,ZEM003,DB05,2025-06-23,Monday,1,0
ZEM003 - DB05,5.6,ZEM003,DB05,2025-06-24,Tuesday,1,1
ZEM003 - DB05,3.8,ZEM003,DB05,2025-06-25,Wednesday,1,2
ZEM003 - DB05,2.9,ZEM003,DB05,2025-06-26,Thursday,1,3
ZEM003 - DB05,3.1,ZEM003,DB05,2025-06-27,Friday,1,4
ZEM003 - DB05,0.3,ZEM003,DB05,2025-06-28,Saturday,1,5
ZEM003 - DB05,0.3,ZEM003,DB05,2025-06-29,Sunday,1,6
ZEM003 - DB05,4.0,ZEM003,DB05,2025-06-30,Monday,1,0
ZEM003 - DB05,4.3,ZEM003,DB05,2025-07-01,Tuesday,1,1
ZEM003 - DB05,4.0,ZEM003,DB05,2025-07-02,Wednesday,1,2
ZEM003 - DB05,3.4,ZEM003,DB05,2025-07-03,Thursday,1,3
ZEM003 - DB05,2.9,ZEM003,DB05,2025-07-04,Friday,1,4
ZEM003 - DB05,0.2,ZEM003,DB05,2025-07-05,Saturday,1,5
ZEM003 - DB05,0.2,ZEM003,DB05,2025-07-06,Sunday,1,6
ZEM003 - DB05,3.7,ZEM003,DB05,2025-07-07,Monday,1,0
ZEM003 - DB05,5.1,ZEM003,DB05,2025-07-08,Tuesday,1,1
ZEM003 - DB05,3.7,ZEM003,DB05,2025-07-09,Wednesday,1,2
ZEM003 - DB05,2.8,ZEM003,DB05,2025-07-10,Thursday,1,3
ZEM003 - DB05,3.2,ZEM003,DB05,2025-07-11,Friday,1,4
ZEM003 - DB05,0.2,ZEM003,DB05,2025-07-12,Saturday,1,5
ZEM003 - DB05,0.3,ZEM003,DB05,2025-07-13,Sunday,1,6
ZEM003 - DB05,4.1,ZEM003,DB05,2025-07-14,Monday,1,0
ZEM003 - DB05,5.0,ZEM003,DB05,2025-07-15,Tuesday,1,1
ZEM003 - DB05,3.3,ZEM003,DB05,2025-07-16,Wednesday,1,2
ZEM003 - DB05,3.3,ZEM003,DB05,2025-07-17,Thursday,1,3
ZEM003 - DB05,2.8,ZEM003,DB05,2025-07-18,Friday,1,4
ZEM003 - DB05,0.3,ZEM003,DB05,2025-07-19,Saturday,1,5
ZEM003 - DB05,0.3,ZEM003,DB05,2025-07-20,Sunday,1,6
ZEM003 - DB05,3.5,ZEM003,DB05,2025-07-21,Monday,1,0
ZEM003 - DB05,3.9,ZEM003,DB05,2025-07-22,Tuesday,1,1
ZEM003 - DB05,3.1,ZEM003,DB05,2025-07-23,Wednesday,1,2
ZEM002 - CT02,3.74,ZEM002,CT02,2025-03-12,Wednesday,1,2
ZEM002 - CT02,6.98,ZEM002,CT02,2025-03-13,Thursday,1,3
ZEM002 - CT02,5.83,ZEM002,CT02,2025-03-14,Friday,1,4
ZEM002 - CT02,0.0,ZEM002,CT02,2025-03-15,Saturday,1,5
ZEM002 - CT02,0.0,ZEM002,CT02,2025-03-16,Sunday,1,6
ZEM002 - CT02,0.0,ZEM002,CT02,2025-03-17,Monday,1,0
ZEM002 - CT02,7.78,ZEM002,CT02,2025-03-18,Tuesday,1,1
ZEM002 - CT02,7.26,ZEM002,CT02,2025-03-19,Wednesday,1,2
ZEM002 - CT02,6.25,ZEM002,CT02,2025-03-20,Thursday,1,3
ZEM002 - CT02,0.0,ZEM002,CT02,2025-03-21,Friday,1,4
ZEM002 - CT02,0.0,ZEM002,CT02,2025-03-22,Saturday,1,5
ZEM002 - CT02,0.0,ZEM002,CT02,2025-03-23,Sunday,1,6
ZEM002 - CT02,7.06,ZEM002,CT02,2025-03-24,Monday,1,0
ZEM002 - CT02,8.97,ZEM002,CT02,2025-03-25,Tuesday,1,1
ZEM002 - CT02,5.98,ZEM002,CT02,2025-03-26,Wednesday,1,2
ZEM002 - CT02,10.63,ZEM002,CT02,2025-03-27,Thursday,1,3
ZEM002 - CT02,6.79,ZEM002,CT02,2025-03-28,Friday,1,4
ZEM002 - CT02,12.96,ZEM002,CT02,2025-03-29,Saturday,1,5
ZEM002 - CT02,12.4,ZEM002,CT02,2025-03-30,Sunday,1,6
ZEM002 - CT02,6.85,ZEM002,CT02,2025-03-31,Monday,1,0
ZEM002 - CT02,13.52,ZEM002,CT02,2025-04-01,Tuesday,1,1
ZEM002 - CT02,5.46,ZEM002,CT02,2025-04-02,Wednesday,1,2
ZEM002 - CT02,5.88,ZEM002,CT02,2025-04-03,Thursday,1,3
ZEM002 - CT02,7.96,ZEM002,CT02,2025-04-04,Friday,1,4
ZEM002 - CT02,12.96,ZEM002,CT02,2025-04-05,Saturday,1,5
ZEM002 - CT02,12.96,ZEM002,CT02,2025-04-06,Sunday,1,6
ZEM002 - CT02,7.43,ZEM002,CT02,2025-04-07,Monday,1,0
ZEM002 - CT02,10.72,ZEM002,CT02,2025-04-08,Tuesday,1,1
ZEM002 - CT02,0.0,ZEM002,CT02,2025-04-09,Wednesday,1,2
ZEM002 - CT02,2.76,ZEM002,CT02,2025-04-10,Thursday,1,3
ZEM002 - CT02,7.59,ZEM002,CT02,2025-04-11,Friday,1,4
ZEM002 - CT02,8.72,ZEM002,CT02,2025-04-12,Saturday,1,5
ZEM002 - CT02,0.0,ZEM002,CT02,2025-04-13,Sunday,1,6
ZEM002 - CT02,6.95,ZEM002,CT02,2025-04-14,Monday,1,0
ZEM002 - CT02,6.13,ZEM002,CT02,2025-04-15,Tuesday,1,1
ZEM002 - CT02,7.73,ZEM002,CT02,2025-04-16,Wednesday,1,2
ZEM002 - CT02,6.7,ZEM002,CT02,2025-04-17,Thursday,1,3
ZEM002 - CT02,7.27,ZEM002,CT02,2025-04-18,Friday,1,4
ZEM002 - CT02,0.0,ZEM002,CT02,2025-04-19,Saturday,1,5
ZEM002 - CT02,0.0,ZEM002,CT02,2025-04-20,Sunday,1,6
ZEM002 - CT02,0.0,ZEM002,CT02,2025-04-21,Monday,1,0
ZEM002 - CT02,5.65,ZEM002,CT02,2025-04-22,Tuesday,1,1
ZEM002 - CT02,8.92,ZEM002,CT02,2025-04-23,Wednesday,1,2
ZEM002 - CT02,11.02,ZEM002,CT02,2025-04-24,Thursday,1,3
ZEM002 - CT02,5.44,ZEM002,CT02,2025-04-25,Friday,1,4
ZEM002 - CT02,0.0,ZEM002,CT02,2025-04-26,Saturday,1,5
ZEM002 - CT02,0.0,ZEM002,CT02,2025-04-27,Sunday,1,6
ZEM002 - CT02,0.0,ZEM002,CT02,2025-04-28,Monday,1,0
ZEM002 - CT02,5.83,ZEM002,CT02,2025-04-29,Tuesday,1,1
ZEM002 - CT02,0.2,ZEM002,CT02,2025-04-30,Wednesday,1,2
ZEM002 - CT02,7.03,ZEM002,CT02,2025-05-01,Thursday,1,3
ZEM002 - CT02,2.1,ZEM002,CT02,2025-05-02,Friday,1,4
ZEM002 - CT02,0.0,ZEM002,CT02,2025-05-03,Saturday,1,5
ZEM002 - CT02,0.0,ZEM002,CT02,2025-05-04,Sunday,1,6
ZEM002 - CT02,0.0,ZEM002,CT02,2025-05-05,Monday,1,0
ZEM002 - CT02,7.39,ZEM002,CT02,2025-05-06,Tuesday,1,1
ZEM002 - CT02,5.63,ZEM002,CT02,2025-05-07,Wednesday,1,2
ZEM002 - CT02,11.28,ZEM002,CT02,2025-05-08,Thursday,1,3
ZEM002 - CT02,2.34,ZEM002,CT02,2025-05-09,Friday,1,4
ZEM002 - CT02,12.96,ZEM002,CT02,2025-05-10,Saturday,1,5
ZEM002 - CT02,12.97,ZEM002,CT02,2025-05-11,Sunday,1,6
ZEM002 - CT02,11.53,ZEM002,CT02,2025-05-12,Monday,1,0
ZEM002 - CT02,6.82,ZEM002,CT02,2025-05-13,Tuesday,1,1
ZEM002 - CT02,7.94,ZEM002,CT02,2025-05-14,Wednesday,1,2
ZEM002 - CT02,11.45,ZEM002,CT02,2025-05-15,Thursday,1,3
ZEM002 - CT02,6.34,ZEM002,CT02,2025-05-16,Friday,1,4
ZEM002 - CT02,12.97,ZEM002,CT02,2025-05-17,Saturday,1,5
ZEM002 - CT02,12.97,ZEM002,CT02,2025-05-18,Sunday,1,6
ZEM002 - CT02,12.83,ZEM002,CT02,2025-05-19,Monday,1,0
ZEM002 - CT02,12.34,ZEM002,CT02,2025-05-20,Tuesday,1,1
ZEM002 - CT02,10.76,ZEM002,CT02,2025-05-21,Wednesday,1,2
ZEM002 - CT02,8.17,ZEM002,CT02,2025-05-22,Thursday,1,3
ZEM002 - CT02,11.7,ZEM002,CT02,2025-05-23,Friday,1,4
ZEM002 - CT02,0.0,ZEM002,CT02,2025-05-24,Saturday,1,5
ZEM002 - CT02,0.0,ZEM002,CT02,2025-05-25,Sunday,1,6
ZEM002 - CT02,6.51,ZEM002,CT02,2025-05-26,Monday,1,0
ZEM002 - CT02,6.94,ZEM002,CT02,2025-05-27,Tuesday,1,1
ZEM002 - CT02,6.43,ZEM002,CT02,2025-05-28,Wednesday,1,2
ZEM002 - CT02,9.07,ZEM002,CT02,2025-05-29,Thursday,1,3
ZEM002 - CT02,10.61,ZEM002,CT02,2025-05-30,Friday,1,4
ZEM002 - CT02,12.96,ZEM002,CT02,2025-05-31,Saturday,1,5
ZEM002 - CT02,12.96,ZEM002,CT02,2025-06-01,Sunday,1,6
ZEM002 - CT02,12.97,ZEM002,CT02,2025-06-02,Monday,1,0
ZEM002 - CT02,12.95,ZEM002,CT02,2025-06-03,Tuesday,1,1
ZEM002 - CT02,7.08,ZEM002,CT02,2025-06-04,Wednesday,1,2
ZEM002 - CT02,7.83,ZEM002,CT02,2025-06-05,Thursday,1,3
ZEM002 - CT02,7.72,ZEM002,CT02,2025-06-06,Friday,1,4
ZEM002 - CT02,12.96,ZEM002,CT02,2025-06-07,Saturday,1,5
ZEM002 - CT02,12.96,ZEM002,CT02,2025-06-08,Sunday,1,6
ZEM002 - CT02,6.79,ZEM002,CT02,2025-06-09,Monday,1,0
ZEM002 - CT02,6.27,ZEM002,CT02,2025-06-10,Tuesday,1,1
ZEM002 - CT02,5.01,ZEM002,CT02,2025-06-11,Wednesday,1,2
ZEM002 - CT02,7.43,ZEM002,CT02,2025-06-12,Thursday,1,3
ZEM002 - CT02,4.33,ZEM002,CT02,2025-06-13,Friday,1,4
ZEM002 - CT02,0.0,ZEM002,CT02,2025-06-14,Saturday,1,5
ZEM002 - CT02,0.0,ZEM002,CT02,2025-06-15,Sunday,1,6
ZEM002 - CT02,1.14,ZEM002,CT02,2025-06-16,Monday,1,0
ZEM002 - CT02,7.57,ZEM002,CT02,2025-06-17,Tuesday,1,1
ZEM002 - CT02,7.49,ZEM002,CT02,2025-06-18,Wednesday,1,2
ZEM002 - CT02,8.25,ZEM002,CT02,2025-06-19,Thursday,1,3
ZEM002 - CT02,7.37,ZEM002,CT02,2025-06-20,Friday,1,4
ZEM002 - CT02,12.98,ZEM002,CT02,2025-06-21,Saturday,1,5
ZEM002 - CT02,12.97,ZEM002,CT02,2025-06-22,Sunday,1,6
ZEM002 - CT02,7.47,ZEM002,CT02,2025-06-23,Monday,1,0
ZEM002 - CT02,11.3,ZEM002,CT02,2025-06-24,Tuesday,1,1
ZEM002 - CT02,8.9,ZEM002,CT02,2025-06-25,Wednesday,1,2
ZEM002 - CT02,11.57,ZEM002,CT02,2025-06-26,Thursday,1,3
ZEM002 - CT02,7.83,ZEM002,CT02,2025-06-27,Friday,1,4
ZEM002 - CT02,0.0,ZEM002,CT02,2025-06-28,Saturday,1,5
ZEM002 - CT02,0.0,ZEM002,CT02,2025-06-29,Sunday,1,6
ZEM002 - CT02,5.66,ZEM002,CT02,2025-06-30,Monday,1,0
ZEM002 - CT02,6.35,ZEM002,CT02,2025-07-01,Tuesday,1,1
ZEM002 - CT02,4.13,ZEM002,CT02,2025-07-02,Wednesday,1,2
ZEM002 - CT02,7.2,ZEM002,CT02,2025-07-03,Thursday,1,3
ZEM002 - CT02,6.72,ZEM002,CT02,2025-07-04,Friday,1,4
ZEM002 - CT02,0.0,ZEM002,CT02,2025-07-05,Saturday,1,5
ZEM002 - CT02,0.0,ZEM002,CT02,2025-07-06,Sunday,1,6
ZEM002 - CT02,6.57,ZEM002,CT02,2025-07-07,Monday,1,0
ZEM002 - CT02,7.76,ZEM002,CT02,2025-07-08,Tuesday,1,1
ZEM002 - CT02,7.69,ZEM002,CT02,2025-07-09,Wednesday,1,2
ZEM002 - CT02,1.54,ZEM002,CT02,2025-07-10,Thursday,1,3
ZEM002 - CT02,4.99,ZEM002,CT02,2025-07-11,Friday,1,4
ZEM002 - CT02,0.0,ZEM002,CT02,2025-07-12,Saturday,1,5
ZEM002 - CT02,0.0,ZEM002,CT02,2025-07-13,Sunday,1,6
ZEM002 - CT02,7.76,ZEM002,CT02,2025-07-14,Monday,1,0
ZEM002 - CT02,8.21,ZEM002,CT02,2025-07-15,Tuesday,1,1
ZEM002 - CT02,4.15,ZEM002,CT02,2025-07-16,Wednesday,1,2
ZEM002 - CT02,7.36,ZEM002,CT02,2025-07-17,Thursday,1,3
ZEM002 - CT02,3.14,ZEM002,CT02,2025-07-18,Friday,1,4
ZEM002 - CT02,13.52,ZEM002,CT02,2025-07-19,Saturday,1,5
ZEM002 - CT02,13.51,ZEM002,CT02,2025-07-20,Sunday,1,6
ZEM002 - CT02,4.4,ZEM002,CT02,2025-07-21,Monday,1,0
ZEM002 - CT02,6.76,ZEM002,CT02,2025-07-22,Tuesday,1,1
ZEM002 - CT02,3.8,ZEM002,CT02,2025-07-23,Wednesday,1,2
ZEM001 - CT03,2.1,ZEM001,CT03,2025-03-12,Wednesday,1,2
ZEM001 - CT03,5.36,ZEM001,CT03,2025-03-13,Thursday,1,3
ZEM001 - CT03,5.38,ZEM001,CT03,2025-03-14,Friday,1,4
ZEM001 - CT03,2.05,ZEM001,CT03,2025-03-15,Saturday,1,5
ZEM001 - CT03,1.91,ZEM001,CT03,2025-03-16,Sunday,1,6
ZEM001 - CT03,5.2,ZEM001,CT03,2025-03-17,Monday,1,0
ZEM001 - CT03,5.23,ZEM001,CT03,2025-03-18,Tuesday,1,1
ZEM001 - CT03,6.0,ZEM001,CT03,2025-03-19,Wednesday,1,2
ZEM001 - CT03,6.46,ZEM001,CT03,2025-03-20,Thursday,1,3
ZEM001 - CT03,7.19,ZEM001,CT03,2025-03-21,Friday,1,4
ZEM001 - CT03,3.12,ZEM001,CT03,2025-03-22,Saturday,1,5
ZEM001 - CT03,2.03,ZEM001,CT03,2025-03-23,Sunday,1,6
ZEM001 - CT03,6.74,ZEM001,CT03,2025-03-24,Monday,1,0
ZEM001 - CT03,7.15,ZEM001,CT03,2025-03-25,Tuesday,1,1
ZEM001 - CT03,7.97,ZEM001,CT03,2025-03-26,Wednesday,1,2
ZEM001 - CT03,8.41,ZEM001,CT03,2025-03-27,Thursday,1,3
ZEM001 - CT03,7.63,ZEM001,CT03,2025-03-28,Friday,1,4
ZEM001 - CT03,2.34,ZEM001,CT03,2025-03-29,Saturday,1,5
ZEM001 - CT03,4.06,ZEM001,CT03,2025-03-30,Sunday,1,6
ZEM001 - CT03,8.83,ZEM001,CT03,2025-03-31,Monday,1,0
ZEM001 - CT03,9.26,ZEM001,CT03,2025-04-01,Tuesday,1,1
ZEM001 - CT03,9.55,ZEM001,CT03,2025-04-02,Wednesday,1,2
ZEM001 - CT03,7.4,ZEM001,CT03,2025-04-03,Thursday,1,3
ZEM001 - CT03,6.77,ZEM001,CT03,2025-04-04,Friday,1,4
ZEM001 - CT03,3.22,ZEM001,CT03,2025-04-05,Saturday,1,5
ZEM001 - CT03,4.42,ZEM001,CT03,2025-04-06,Sunday,1,6
ZEM001 - CT03,9.28,ZEM001,CT03,2025-04-07,Monday,1,0
ZEM001 - CT03,10.36,ZEM001,CT03,2025-04-08,Tuesday,1,1
ZEM001 - CT03,10.52,ZEM001,CT03,2025-04-09,Wednesday,1,2
ZEM001 - CT03,11.01,ZEM001,CT03,2025-04-10,Thursday,1,3
ZEM001 - CT03,11.94,ZEM001,CT03,2025-04-11,Friday,1,4
ZEM001 - CT03,7.13,ZEM001,CT03,2025-04-12,Saturday,1,5
ZEM001 - CT03,5.31,ZEM001,CT03,2025-04-13,Sunday,1,6
ZEM001 - CT03,7.86,ZEM001,CT03,2025-04-14,Monday,1,0
ZEM001 - CT03,8.68,ZEM001,CT03,2025-04-15,Tuesday,1,1
ZEM001 - CT03,7.08,ZEM001,CT03,2025-04-16,Wednesday,1,2
ZEM001 - CT03,6.4,ZEM001,CT03,2025-04-17,Thursday,1,3
ZEM001 - CT03,6.16,ZEM001,CT03,2025-04-18,Friday,1,4
ZEM001 - CT03,2.11,ZEM001,CT03,2025-04-19,Saturday,1,5
ZEM001 - CT03,2.77,ZEM001,CT03,2025-04-20,Sunday,1,6
ZEM001 - CT03,5.2,ZEM001,CT03,2025-04-21,Monday,1,0
ZEM001 - CT03,9.18,ZEM001,CT03,2025-04-22,Tuesday,1,1
ZEM001 - CT03,7.7,ZEM001,CT03,2025-04-23,Wednesday,1,2
ZEM001 - CT03,8.06,ZEM001,CT03,2025-04-24,Thursday,1,3
ZEM001 - CT03,7.83,ZEM001,CT03,2025-04-25,Friday,1,4
ZEM001 - CT03,5.63,ZEM001,CT03,2025-04-26,Saturday,1,5
ZEM001 - CT03,6.57,ZEM001,CT03,2025-04-27,Sunday,1,6
ZEM001 - CT03,10.86,ZEM001,CT03,2025-04-28,Monday,1,0
ZEM001 - CT03,12.52,ZEM001,CT03,2025-04-29,Tuesday,1,1
ZEM001 - CT03,14.24,ZEM001,CT03,2025-04-30,Wednesday,1,2
ZEM001 - CT03,16.69,ZEM001,CT03,2025-05-01,Thursday,1,3
ZEM001 - CT03,13.39,ZEM001,CT03,2025-05-02,Friday,1,4
ZEM001 - CT03,8.8,ZEM001,CT03,2025-05-03,Saturday,1,5
ZEM001 - CT03,6.88,ZEM001,CT03,2025-05-04,Sunday,1,6
ZEM001 - CT03,9.9,ZEM001,CT03,2025-05-05,Monday,1,0
ZEM001 - CT03,11.41,ZEM001,CT03,2025-05-06,Tuesday,1,1
ZEM001 - CT03,13.25,ZEM001,CT03,2025-05-07,Wednesday,1,2
ZEM001 - CT03,12.36,ZEM001,CT03,2025-05-08,Thursday,1,3
ZEM001 - CT03,12.51,ZEM001,CT03,2025-05-09,Friday,1,4
ZEM001 - CT03,10.74,ZEM001,CT03,2025-05-10,Saturday,1,5
ZEM001 - CT03,11.22,ZEM001,CT03,2025-05-11,Sunday,1,6
ZEM001 - CT03,12.99,ZEM001,CT03,2025-05-12,Monday,1,0
ZEM001 - CT03,12.72,ZEM001,CT03,2025-05-13,Tuesday,1,1
ZEM001 - CT03,11.88,ZEM001,CT03,2025-05-14,Wednesday,1,2
ZEM001 - CT03,11.82,ZEM001,CT03,2025-05-15,Thursday,1,3
ZEM001 - CT03,11.35,ZEM001,CT03,2025-05-16,Friday,1,4
ZEM001 - CT03,11.29,ZEM001,CT03,2025-05-17,Saturday,1,5
ZEM001 - CT03,11.79,ZEM001,CT03,2025-05-18,Sunday,1,6
ZEM001 - CT03,10.35,ZEM001,CT03,2025-05-19,Monday,1,0
ZEM001 - CT03,10.83,ZEM001,CT03,2025-05-20,Tuesday,1,1
ZEM001 - CT03,12.14,ZEM001,CT03,2025-05-21,Wednesday,1,2
ZEM001 - CT03,11.29,ZEM001,CT03,2025-05-22,Thursday,1,3
ZEM001 - CT03,10.38,ZEM001,CT03,2025-05-23,Friday,1,4
ZEM001 - CT03,8.22,ZEM001,CT03,2025-05-24,Saturday,1,5
ZEM001 - CT03,7.5,ZEM001,CT03,2025-05-25,Sunday,1,6
ZEM001 - CT03,7.73,ZEM001,CT03,2025-05-26,Monday,1,0
ZEM001 - CT03,5.69,ZEM001,CT03,2025-05-27,Tuesday,1,1
ZEM001 - CT03,8.22,ZEM001,CT03,2025-05-28,Wednesday,1,2
ZEM001 - CT03,8.43,ZEM001,CT03,2025-05-29,Thursday,1,3
ZEM001 - CT03,10.68,ZEM001,CT03,2025-05-30,Friday,1,4
ZEM001 - CT03,10.94,ZEM001,CT03,2025-05-31,Saturday,1,5
ZEM001 - CT03,9.56,ZEM001,CT03,2025-06-01,Sunday,1,6
ZEM001 - CT03,10.59,ZEM001,CT03,2025-06-02,Monday,1,0
ZEM001 - CT03,9.04,ZEM001,CT03,2025-06-03,Tuesday,1,1
ZEM001 - CT03,10.96,ZEM001,CT03,2025-06-04,Wednesday,1,2
ZEM001 - CT03,8.3,ZEM001,CT03,2025-06-05,Thursday,1,3
ZEM001 - CT03,8.59,ZEM001,CT03,2025-06-06,Friday,1,4
ZEM001 - CT03,5.7,ZEM001,CT03,2025-06-07,Saturday,1,5
ZEM001 - CT03,5.21,ZEM001,CT03,2025-06-08,Sunday,1,6
ZEM001 - CT03,8.29,ZEM001,CT03,2025-06-09,Monday,1,0
ZEM001 - CT03,8.81,ZEM001,CT03,2025-06-10,Tuesday,1,1
ZEM001 - CT03,11.12,ZEM001,CT03,2025-06-11,Wednesday,1,2
ZEM001 - CT03,8.77,ZEM001,CT03,2025-06-12,Thursday,1,3
ZEM001 - CT03,8.34,ZEM001,CT03,2025-06-13,Friday,1,4
ZEM001 - CT03,7.6,ZEM001,CT03,2025-06-14,Saturday,1,5
ZEM001 - CT03,6.4,ZEM001,CT03,2025-06-15,Sunday,1,6
ZEM001 - CT03,10.54,ZEM001,CT03,2025-06-16,Monday,1,0
ZEM001 - CT03,12.92,ZEM001,CT03,2025-06-17,Tuesday,1,1
ZEM001 - CT03,14.55,ZEM001,CT03,2025-06-18,Wednesday,1,2
ZEM001 - CT03,16.17,ZEM001,CT03,2025-06-19,Thursday,1,3
ZEM001 - CT03,16.35,ZEM001,CT03,2025-06-20,Friday,1,4
ZEM001 - CT03,16.12,ZEM001,CT03,2025-06-21,Saturday,1,5
ZEM001 - CT03,12.46,ZEM001,CT03,2025-06-22,Sunday,1,6
ZEM001 - CT03,10.63,ZEM001,CT03,2025-06-23,Monday,1,0
ZEM001 - CT03,10.64,ZEM001,CT03,2025-06-24,Tuesday,1,1
ZEM001 - CT03,9.58,ZEM001,CT03,2025-06-25,Wednesday,1,2
ZEM001 - CT03,10.59,ZEM001,CT03,2025-06-26,Thursday,1,3
ZEM001 - CT03,9.96,ZEM001,CT03,2025-06-27,Friday,1,4
ZEM001 - CT03,11.55,ZEM001,CT03,2025-06-28,Saturday,1,5
ZEM001 - CT03,10.69,ZEM001,CT03,2025-06-29,Sunday,1,6
ZEM001 - CT03,13.11,ZEM001,CT03,2025-06-30,Monday,1,0
ZEM001 - CT03,10.31,ZEM001,CT03,2025-07-01,Tuesday,1,1
ZEM001 - CT03,9.35,ZEM001,CT03,2025-07-02,Wednesday,1,2
ZEM001 - CT03,6.56,ZEM001,CT03,2025-07-03,Thursday,1,3
ZEM001 - CT03,2.3,ZEM001,CT03,2025-07-04,Friday,1,4
ZEM001 - CT03,2.15,ZEM001,CT03,2025-07-05,Saturday,1,5
ZEM001 - CT03,2.16,ZEM001,CT03,2025-07-06,Sunday,1,6
ZEM001 - CT03,10.71,ZEM001,CT03,2025-07-07,Monday,1,0
ZEM001 - CT03,19.26,ZEM001,CT03,2025-07-08,Tuesday,1,1
ZEM001 - CT03,16.72,ZEM001,CT03,2025-07-09,Wednesday,1,2
ZEM001 - CT03,19.7,ZEM001,CT03,2025-07-10,Thursday,1,3
ZEM001 - CT03,21.92,ZEM001,CT03,2025-07-11,Friday,1,4
ZEM001 - CT03,24.19,ZEM001,CT03,2025-07-12,Saturday,1,5
ZEM001 - CT03,23.42,ZEM001,CT03,2025-07-13,Sunday,1,6
ZEM001 - CT03,20.57,ZEM001,CT03,2025-07-14,Monday,1,0
ZEM001 - CT03,14.61,ZEM001,CT03,2025-07-15,Tuesday,1,1
ZEM001 - CT03,15.64,ZEM001,CT03,2025-07-16,Wednesday,1,2
ZEM001 - CT03,15.83,ZEM001,CT03,2025-07-17,Thursday,1,3
ZEM001 - CT03,14.59,ZEM001,CT03,2025-07-18,Friday,1,4
ZEM001 - CT03,14.66,ZEM001,CT03,2025-07-19,Saturday,1,5
ZEM001 - CT03,13.44,ZEM001,CT03,2025-07-20,Sunday,1,6
ZEM001 - CT03,11.28,ZEM001,CT03,2025-07-21,Monday,1,0
ZEM001 - CT03,10.99,ZEM001,CT03,2025-07-22,Tuesday,1,1
ZEM001 - CT03,5.71,ZEM001,CT03,2025-07-23,Wednesday,1,2
ZEM001 - CT02,1.78,ZEM001,CT02,2025-03-12,Wednesday,1,2
ZEM001 - CT02,3.5,ZEM001,CT02,2025-03-13,Thursday,1,3
ZEM001 - CT02,4.46,ZEM001,CT02,2025-03-14,Friday,1,4
ZEM001 - CT02,0.05,ZEM001,CT02,2025-03-15,Saturday,1,5
ZEM001 - CT02,0.05,ZEM001,CT02,2025-03-16,Sunday,1,6
ZEM001 - CT02,3.32,ZEM001,CT02,2025-03-17,Monday,1,0
ZEM001 - CT02,4.11,ZEM001,CT02,2025-03-18,Tuesday,1,1
ZEM001 - CT02,3.33,ZEM001,CT02,2025-03-19,Wednesday,1,2
ZEM001 - CT02,3.55,ZEM001,CT02,2025-03-20,Thursday,1,3
ZEM001 - CT02,3.35,ZEM001,CT02,2025-03-21,Friday,1,4
ZEM001 - CT02,0.08,ZEM001,CT02,2025-03-22,Saturday,1,5
ZEM001 - CT02,0.08,ZEM001,CT02,2025-03-23,Sunday,1,6
ZEM001 - CT02,6.39,ZEM001,CT02,2025-03-24,Monday,1,0
ZEM001 - CT02,5.74,ZEM001,CT02,2025-03-25,Tuesday,1,1
ZEM001 - CT02,7.68,ZEM001,CT02,2025-03-26,Wednesday,1,2
ZEM001 - CT02,3.35,ZEM001,CT02,2025-03-27,Thursday,1,3
ZEM001 - CT02,3.79,ZEM001,CT02,2025-03-28,Friday,1,4
ZEM001 - CT02,0.08,ZEM001,CT02,2025-03-29,Saturday,1,5
ZEM001 - CT02,0.08,ZEM001,CT02,2025-03-30,Sunday,1,6
ZEM001 - CT02,7.12,ZEM001,CT02,2025-03-31,Monday,1,0
ZEM001 - CT02,4.04,ZEM001,CT02,2025-04-01,Tuesday,1,1
ZEM001 - CT02,3.41,ZEM001,CT02,2025-04-02,Wednesday,1,2
ZEM001 - CT02,6.73,ZEM001,CT02,2025-04-03,Thursday,1,3
ZEM001 - CT02,3.36,ZEM001,CT02,2025-04-04,Friday,1,4
ZEM001 - CT02,0.09,ZEM001,CT02,2025-04-05,Saturday,1,5
ZEM001 - CT02,0.08,ZEM001,CT02,2025-04-06,Sunday,1,6
ZEM001 - CT02,8.44,ZEM001,CT02,2025-04-07,Monday,1,0
ZEM001 - CT02,4.98,ZEM001,CT02,2025-04-08,Tuesday,1,1
ZEM001 - CT02,3.73,ZEM001,CT02,2025-04-09,Wednesday,1,2
ZEM001 - CT02,8.59,ZEM001,CT02,2025-04-10,Thursday,1,3
ZEM001 - CT02,3.49,ZEM001,CT02,2025-04-11,Friday,1,4
ZEM001 - CT02,0.08,ZEM001,CT02,2025-04-12,Saturday,1,5
ZEM001 - CT02,0.1,ZEM001,CT02,2025-04-13,Sunday,1,6
ZEM001 - CT02,3.68,ZEM001,CT02,2025-04-14,Monday,1,0
ZEM001 - CT02,9.36,ZEM001,CT02,2025-04-15,Tuesday,1,1
ZEM001 - CT02,3.33,ZEM001,CT02,2025-04-16,Wednesday,1,2
ZEM001 - CT02,3.26,ZEM001,CT02,2025-04-17,Thursday,1,3
ZEM001 - CT02,4.97,ZEM001,CT02,2025-04-18,Friday,1,4
ZEM001 - CT02,0.07,ZEM001,CT02,2025-04-19,Saturday,1,5
ZEM001 - CT02,0.09,ZEM001,CT02,2025-04-20,Sunday,1,6
ZEM001 - CT02,3.32,ZEM001,CT02,2025-04-21,Monday,1,0
ZEM001 - CT02,5.77,ZEM001,CT02,2025-04-22,Tuesday,1,1
ZEM001 - CT02,3.41,ZEM001,CT02,2025-04-23,Wednesday,1,2
ZEM001 - CT02,3.32,ZEM001,CT02,2025-04-24,Thursday,1,3
ZEM001 - CT02,3.39,ZEM001,CT02,2025-04-25,Friday,1,4
ZEM001 - CT02,0.12,ZEM001,CT02,2025-04-26,Saturday,1,5
ZEM001 - CT02,0.08,ZEM001,CT02,2025-04-27,Sunday,1,6
ZEM001 - CT02,3.4,ZEM001,CT02,2025-04-28,Monday,1,0
ZEM001 - CT02,3.4,ZEM001,CT02,2025-04-29,Tuesday,1,1
ZEM001 - CT02,3.5,ZEM001,CT02,2025-04-30,Wednesday,1,2
ZEM001 - CT02,3.86,ZEM001,CT02,2025-05-01,Thursday,1,3
ZEM001 - CT02,5.38,ZEM001,CT02,2025-05-02,Friday,1,4
ZEM001 - CT02,0.1,ZEM001,CT02,2025-05-03,Saturday,1,5
ZEM001 - CT02,0.09,ZEM001,CT02,2025-05-04,Sunday,1,6
ZEM001 - CT02,3.43,ZEM001,CT02,2025-05-05,Monday,1,0
ZEM001 - CT02,8.38,ZEM001,CT02,2025-05-06,Tuesday,1,1
ZEM001 - CT02,4.37,ZEM001,CT02,2025-05-07,Wednesday,1,2
ZEM001 - CT02,3.44,ZEM001,CT02,2025-05-08,Thursday,1,3
ZEM001 - CT02,3.41,ZEM001,CT02,2025-05-09,Friday,1,4
ZEM001 - CT02,0.09,ZEM001,CT02,2025-05-10,Saturday,1,5
ZEM001 - CT02,0.07,ZEM001,CT02,2025-05-11,Sunday,1,6
ZEM001 - CT02,3.44,ZEM001,CT02,2025-05-12,Monday,1,0
ZEM001 - CT02,3.36,ZEM001,CT02,2025-05-13,Tuesday,1,1
ZEM001 - CT02,3.89,ZEM001,CT02,2025-05-14,Wednesday,1,2
ZEM001 - CT02,3.4,ZEM001,CT02,2025-05-15,Thursday,1,3
ZEM001 - CT02,3.38,ZEM001,CT02,2025-05-16,Friday,1,4
ZEM001 - CT02,0.08,ZEM001,CT02,2025-05-17,Saturday,1,5
ZEM001 - CT02,0.09,ZEM001,CT02,2025-05-18,Sunday,1,6
ZEM001 - CT02,7.16,ZEM001,CT02,2025-05-19,Monday,1,0
ZEM001 - CT02,6.62,ZEM001,CT02,2025-05-20,Tuesday,1,1
ZEM001 - CT02,3.98,ZEM001,CT02,2025-05-21,Wednesday,1,2
ZEM001 - CT02,6.3,ZEM001,CT02,2025-05-22,Thursday,1,3
ZEM001 - CT02,3.35,ZEM001,CT02,2025-05-23,Friday,1,4
ZEM001 - CT02,0.05,ZEM001,CT02,2025-05-24,Saturday,1,5
ZEM001 - CT02,0.07,ZEM001,CT02,2025-05-25,Sunday,1,6
ZEM001 - CT02,3.34,ZEM001,CT02,2025-05-26,Monday,1,0
ZEM001 - CT02,8.14,ZEM001,CT02,2025-05-27,Tuesday,1,1
ZEM001 - CT02,3.77,ZEM001,CT02,2025-05-28,Wednesday,1,2
ZEM001 - CT02,3.36,ZEM001,CT02,2025-05-29,Thursday,1,3
ZEM001 - CT02,4.24,ZEM001,CT02,2025-05-30,Friday,1,4
ZEM001 - CT02,0.1,ZEM001,CT02,2025-05-31,Saturday,1,5
ZEM001 - CT02,0.1,ZEM001,CT02,2025-06-01,Sunday,1,6
ZEM001 - CT02,3.33,ZEM001,CT02,2025-06-02,Monday,1,0
ZEM001 - CT02,3.5,ZEM001,CT02,2025-06-03,Tuesday,1,1
ZEM001 - CT02,3.44,ZEM001,CT02,2025-06-04,Wednesday,1,2
ZEM001 - CT02,3.33,ZEM001,CT02,2025-06-05,Thursday,1,3
ZEM001 - CT02,3.41,ZEM001,CT02,2025-06-06,Friday,1,4
ZEM001 - CT02,0.09,ZEM001,CT02,2025-06-07,Saturday,1,5
ZEM001 - CT02,0.08,ZEM001,CT02,2025-06-08,Sunday,1,6
ZEM001 - CT02,3.64,ZEM001,CT02,2025-06-09,Monday,1,0
ZEM001 - CT02,3.71,ZEM001,CT02,2025-06-10,Tuesday,1,1
ZEM001 - CT02,0.22,ZEM001,CT02,2025-06-11,Wednesday,1,2
ZEM001 - CT02,0.18,ZEM001,CT02,2025-06-12,Thursday,1,3
ZEM001 - CT02,0.15,ZEM001,CT02,2025-06-13,Friday,1,4
ZEM001 - CT02,0.06,ZEM001,CT02,2025-06-14,Saturday,1,5
ZEM001 - CT02,0.08,ZEM001,CT02,2025-06-15,Sunday,1,6
ZEM001 - CT02,0.13,ZEM001,CT02,2025-06-16,Monday,1,0
ZEM001 - CT02,0.39,ZEM001,CT02,2025-06-17,Tuesday,1,1
ZEM001 - CT02,0.37,ZEM001,CT02,2025-06-18,Wednesday,1,2
ZEM001 - CT02,0.37,ZEM001,CT02,2025-06-19,Thursday,1,3
ZEM001 - CT02,0.14,ZEM001,CT02,2025-06-20,Friday,1,4
ZEM001 - CT02,0.11,ZEM001,CT02,2025-06-21,Saturday,1,5
ZEM001 - CT02,0.05,ZEM001,CT02,2025-06-22,Sunday,1,6
ZEM001 - CT02,0.28,ZEM001,CT02,2025-06-23,Monday,1,0
ZEM001 - CT02,0.24,ZEM001,CT02,2025-06-24,Tuesday,1,1
ZEM001 - CT02,0.26,ZEM001,CT02,2025-06-25,Wednesday,1,2
ZEM001 - CT02,0.36,ZEM001,CT02,2025-06-26,Thursday,1,3
ZEM001 - CT02,0.17,ZEM001,CT02,2025-06-27,Friday,1,4
ZEM001 - CT02,0.06,ZEM001,CT02,2025-06-28,Saturday,1,5
ZEM001 - CT02,0.09,ZEM001,CT02,2025-06-29,Sunday,1,6
ZEM001 - CT02,0.1,ZEM001,CT02,2025-06-30,Monday,1,0
ZEM001 - CT02,0.16,ZEM001,CT02,2025-07-01,Tuesday,1,1
ZEM001 - CT02,0.56,ZEM001,CT02,2025-07-02,Wednesday,1,2
ZEM001 - CT02,0.08,ZEM001,CT02,2025-07-03,Thursday,1,3
ZEM001 - CT02,0.17,ZEM001,CT02,2025-07-04,Friday,1,4
ZEM001 - CT02,0.1,ZEM001,CT02,2025-07-05,Saturday,1,5
ZEM001 - CT02,0.05,ZEM001,CT02,2025-07-06,Sunday,1,6
ZEM001 - CT02,0.13,ZEM001,CT02,2025-07-07,Monday,1,0
ZEM001 - CT02,0.36,ZEM001,CT02,2025-07-08,Tuesday,1,1
ZEM001 - CT02,0.19,ZEM001,CT02,2025-07-09,Wednesday,1,2
ZEM001 - CT02,0.36,ZEM001,CT02,2025-07-10,Thursday,1,3
ZEM001 - CT02,0.15,ZEM001,CT02,2025-07-11,Friday,1,4
ZEM001 - CT02,0.11,ZEM001,CT02,2025-07-12,Saturday,1,5
ZEM001 - CT02,0.09,ZEM001,CT02,2025-07-13,Sunday,1,6
ZEM001 - CT02,0.47,ZEM001,CT02,2025-07-14,Monday,1,0
ZEM001 - CT02,0.34,ZEM001,CT02,2025-07-15,Tuesday,1,1
ZEM001 - CT02,0.1,ZEM001,CT02,2025-07-16,Wednesday,1,2
ZEM001 - CT02,0.43,ZEM001,CT02,2025-07-17,Thursday,1,3
ZEM001 - CT02,0.25,ZEM001,CT02,2025-07-18,Friday,1,4
ZEM001 - CT02,0.06,ZEM001,CT02,2025-07-19,Saturday,1,5
ZEM001 - CT02,0.06,ZEM001,CT02,2025-07-20,Sunday,1,6
ZEM001 - CT02,0.07,ZEM001,CT02,2025-07-21,Monday,1,0
ZEM001 - CT02,0.4,ZEM001,CT02,2025-07-22,Tuesday,1,1
ZEM001 - CT02,0.21,ZEM001,CT02,2025-07-23,Wednesday,1,2
ZEM001 - CT01,3.91,ZEM001,CT01,2025-03-12,Wednesday,1,2
ZEM001 - CT01,9.16,ZEM001,CT01,2025-03-13,Thursday,1,3
ZEM001 - CT01,8.85,ZEM001,CT01,2025-03-14,Friday,1,4
ZEM001 - CT01,6.96,ZEM001,CT01,2025-03-15,Saturday,1,5
ZEM001 - CT01,6.96,ZEM001,CT01,2025-03-16,Sunday,1,6
ZEM001 - CT01,8.51,ZEM001,CT01,2025-03-17,Monday,1,0
ZEM001 - CT01,13.49,ZEM001,CT01,2025-03-18,Tuesday,1,1
ZEM001 - CT01,9.03,ZEM001,CT01,2025-03-19,Wednesday,1,2
ZEM001 - CT01,13.49,ZEM001,CT01,2025-03-20,Thursday,1,3
ZEM001 - CT01,13.88,ZEM001,CT01,2025-03-21,Friday,1,4
ZEM001 - CT01,6.64,ZEM001,CT01,2025-03-22,Saturday,1,5
ZEM001 - CT01,6.84,ZEM001,CT01,2025-03-23,Sunday,1,6
ZEM001 - CT01,9.01,ZEM001,CT01,2025-03-24,Monday,1,0
ZEM001 - CT01,8.67,ZEM001,CT01,2025-03-25,Tuesday,1,1
ZEM001 - CT01,10.88,ZEM001,CT01,2025-03-26,Wednesday,1,2
ZEM001 - CT01,8.86,ZEM001,CT01,2025-03-27,Thursday,1,3
ZEM001 - CT01,8.18,ZEM001,CT01,2025-03-28,Friday,1,4
ZEM001 - CT01,7.13,ZEM001,CT01,2025-03-29,Saturday,1,5
ZEM001 - CT01,6.49,ZEM001,CT01,2025-03-30,Sunday,1,6
ZEM001 - CT01,8.64,ZEM001,CT01,2025-03-31,Monday,1,0
ZEM001 - CT01,9.09,ZEM001,CT01,2025-04-01,Tuesday,1,1
ZEM001 - CT01,8.93,ZEM001,CT01,2025-04-02,Wednesday,1,2
ZEM001 - CT01,9.49,ZEM001,CT01,2025-04-03,Thursday,1,3
ZEM001 - CT01,8.42,ZEM001,CT01,2025-04-04,Friday,1,4
ZEM001 - CT01,6.7,ZEM001,CT01,2025-04-05,Saturday,1,5
ZEM001 - CT01,6.61,ZEM001,CT01,2025-04-06,Sunday,1,6
ZEM001 - CT01,14.99,ZEM001,CT01,2025-04-07,Monday,1,0
ZEM001 - CT01,10.2,ZEM001,CT01,2025-04-08,Tuesday,1,1
ZEM001 - CT01,8.6,ZEM001,CT01,2025-04-09,Wednesday,1,2
ZEM001 - CT01,10.43,ZEM001,CT01,2025-04-10,Thursday,1,3
ZEM001 - CT01,10.71,ZEM001,CT01,2025-04-11,Friday,1,4
ZEM001 - CT01,7.02,ZEM001,CT01,2025-04-12,Saturday,1,5
ZEM001 - CT01,6.75,ZEM001,CT01,2025-04-13,Sunday,1,6
ZEM001 - CT01,9.16,ZEM001,CT01,2025-04-14,Monday,1,0
ZEM001 - CT01,8.99,ZEM001,CT01,2025-04-15,Tuesday,1,1
ZEM001 - CT01,8.35,ZEM001,CT01,2025-04-16,Wednesday,1,2
ZEM001 - CT01,11.48,ZEM001,CT01,2025-04-17,Thursday,1,3
ZEM001 - CT01,8.19,ZEM001,CT01,2025-04-18,Friday,1,4
ZEM001 - CT01,6.92,ZEM001,CT01,2025-04-19,Saturday,1,5
ZEM001 - CT01,6.74,ZEM001,CT01,2025-04-20,Sunday,1,6
ZEM001 - CT01,7.97,ZEM001,CT01,2025-04-21,Monday,1,0
ZEM001 - CT01,11.56,ZEM001,CT01,2025-04-22,Tuesday,1,1
ZEM001 - CT01,9.42,ZEM001,CT01,2025-04-23,Wednesday,1,2
ZEM001 - CT01,9.11,ZEM001,CT01,2025-04-24,Thursday,1,3
ZEM001 - CT01,9.41,ZEM001,CT01,2025-04-25,Friday,1,4
ZEM001 - CT01,7.52,ZEM001,CT01,2025-04-26,Saturday,1,5
ZEM001 - CT01,7.11,ZEM001,CT01,2025-04-27,Sunday,1,6
ZEM001 - CT01,9.16,ZEM001,CT01,2025-04-28,Monday,1,0
ZEM001 - CT01,9.05,ZEM001,CT01,2025-04-29,Tuesday,1,1
ZEM001 - CT01,9.23,ZEM001,CT01,2025-04-30,Wednesday,1,2
ZEM001 - CT01,9.94,ZEM001,CT01,2025-05-01,Thursday,1,3
ZEM001 - CT01,9.01,ZEM001,CT01,2025-05-02,Friday,1,4
ZEM001 - CT01,7.53,ZEM001,CT01,2025-05-03,Saturday,1,5
ZEM001 - CT01,7.47,ZEM001,CT01,2025-05-04,Sunday,1,6
ZEM001 - CT01,8.82,ZEM001,CT01,2025-05-05,Monday,1,0
ZEM001 - CT01,8.93,ZEM001,CT01,2025-05-06,Tuesday,1,1
ZEM001 - CT01,9.02,ZEM001,CT01,2025-05-07,Wednesday,1,2
ZEM001 - CT01,8.31,ZEM001,CT01,2025-05-08,Thursday,1,3
ZEM001 - CT01,8.2,ZEM001,CT01,2025-05-09,Friday,1,4
ZEM001 - CT01,6.83,ZEM001,CT01,2025-05-10,Saturday,1,5
ZEM001 - CT01,6.81,ZEM001,CT01,2025-05-11,Sunday,1,6
ZEM001 - CT01,8.97,ZEM001,CT01,2025-05-12,Monday,1,0
ZEM001 - CT01,8.67,ZEM001,CT01,2025-05-13,Tuesday,1,1
ZEM001 - CT01,9.61,ZEM001,CT01,2025-05-14,Wednesday,1,2
ZEM001 - CT01,8.82,ZEM001,CT01,2025-05-15,Thursday,1,3
ZEM001 - CT01,8.21,ZEM001,CT01,2025-05-16,Friday,1,4
ZEM001 - CT01,6.83,ZEM001,CT01,2025-05-17,Saturday,1,5
ZEM001 - CT01,6.84,ZEM001,CT01,2025-05-18,Sunday,1,6
ZEM001 - CT01,8.57,ZEM001,CT01,2025-05-19,Monday,1,0
ZEM001 - CT01,9.05,ZEM001,CT01,2025-05-20,Tuesday,1,1
ZEM001 - CT01,8.95,ZEM001,CT01,2025-05-21,Wednesday,1,2
ZEM001 - CT01,9.14,ZEM001,CT01,2025-05-22,Thursday,1,3
ZEM001 - CT01,8.26,ZEM001,CT01,2025-05-23,Friday,1,4
ZEM001 - CT01,7.26,ZEM001,CT01,2025-05-24,Saturday,1,5
ZEM001 - CT01,7.13,ZEM001,CT01,2025-05-25,Sunday,1,6
ZEM001 - CT01,8.8,ZEM001,CT01,2025-05-26,Monday,1,0
ZEM001 - CT01,8.94,ZEM001,CT01,2025-05-27,Tuesday,1,1
ZEM001 - CT01,9.13,ZEM001,CT01,2025-05-28,Wednesday,1,2
ZEM001 - CT01,11.97,ZEM001,CT01,2025-05-29,Thursday,1,3
ZEM001 - CT01,8.2,ZEM001,CT01,2025-05-30,Friday,1,4
ZEM001 - CT01,7.23,ZEM001,CT01,2025-05-31,Saturday,1,5
ZEM001 - CT01,7.27,ZEM001,CT01,2025-06-01,Sunday,1,6
ZEM001 - CT01,8.15,ZEM001,CT01,2025-06-02,Monday,1,0
ZEM001 - CT01,9.59,ZEM001,CT01,2025-06-03,Tuesday,1,1
ZEM001 - CT01,9.04,ZEM001,CT01,2025-06-04,Wednesday,1,2
ZEM001 - CT01,9.17,ZEM001,CT01,2025-06-05,Thursday,1,3
ZEM001 - CT01,8.22,ZEM001,CT01,2025-06-06,Friday,1,4
ZEM001 - CT01,7.08,ZEM001,CT01,2025-06-07,Saturday,1,5
ZEM001 - CT01,6.94,ZEM001,CT01,2025-06-08,Sunday,1,6
ZEM001 - CT01,9.56,ZEM001,CT01,2025-06-09,Monday,1,0
ZEM001 - CT01,9.67,ZEM001,CT01,2025-06-10,Tuesday,1,1
ZEM001 - CT01,8.58,ZEM001,CT01,2025-06-11,Wednesday,1,2
ZEM001 - CT01,7.59,ZEM001,CT01,2025-06-12,Thursday,1,3
ZEM001 - CT01,7.93,ZEM001,CT01,2025-06-13,Friday,1,4
ZEM001 - CT01,7.02,ZEM001,CT01,2025-06-14,Saturday,1,5
ZEM001 - CT01,7.1,ZEM001,CT01,2025-06-15,Sunday,1,6
ZEM001 - CT01,7.55,ZEM001,CT01,2025-06-16,Monday,1,0
ZEM001 - CT01,7.7,ZEM001,CT01,2025-06-17,Tuesday,1,1
ZEM001 - CT01,7.79,ZEM001,CT01,2025-06-18,Wednesday,1,2
ZEM001 - CT01,7.35,ZEM001,CT01,2025-06-19,Thursday,1,3
ZEM001 - CT01,7.26,ZEM001,CT01,2025-06-20,Friday,1,4
ZEM001 - CT01,6.86,ZEM001,CT01,2025-06-21,Saturday,1,5
ZEM001 - CT01,6.92,ZEM001,CT01,2025-06-22,Sunday,1,6
ZEM001 - CT01,7.68,ZEM001,CT01,2025-06-23,Monday,1,0
ZEM001 - CT01,8.43,ZEM001,CT01,2025-06-24,Tuesday,1,1
ZEM001 - CT01,7.79,ZEM001,CT01,2025-06-25,Wednesday,1,2
ZEM001 - CT01,7.26,ZEM001,CT01,2025-06-26,Thursday,1,3
ZEM001 - CT01,7.23,ZEM001,CT01,2025-06-27,Friday,1,4
ZEM001 - CT01,7.31,ZEM001,CT01,2025-06-28,Saturday,1,5
ZEM001 - CT01,7.0,ZEM001,CT01,2025-06-29,Sunday,1,6
ZEM001 - CT01,7.62,ZEM001,CT01,2025-06-30,Monday,1,0
ZEM001 - CT01,7.71,ZEM001,CT01,2025-07-01,Tuesday,1,1
ZEM001 - CT01,7.67,ZEM001,CT01,2025-07-02,Wednesday,1,2
ZEM001 - CT01,8.41,ZEM001,CT01,2025-07-03,Thursday,1,3
ZEM001 - CT01,7.3,ZEM001,CT01,2025-07-04,Friday,1,4
ZEM001 - CT01,7.16,ZEM001,CT01,2025-07-05,Saturday,1,5
ZEM001 - CT01,6.61,ZEM001,CT01,2025-07-06,Sunday,1,6
ZEM001 - CT01,7.29,ZEM001,CT01,2025-07-07,Monday,1,0
ZEM001 - CT01,7.81,ZEM001,CT01,2025-07-08,Tuesday,1,1
ZEM001 - CT01,7.64,ZEM001,CT01,2025-07-09,Wednesday,1,2
ZEM001 - CT01,7.51,ZEM001,CT01,2025-07-10,Thursday,1,3
ZEM001 - CT01,7.06,ZEM001,CT01,2025-07-11,Friday,1,4
ZEM001 - CT01,6.86,ZEM001,CT01,2025-07-12,Saturday,1,5
ZEM001 - CT01,6.89,ZEM001,CT01,2025-07-13,Sunday,1,6
ZEM001 - CT01,8.61,ZEM001,CT01,2025-07-14,Monday,1,0
ZEM001 - CT01,8.05,ZEM001,CT01,2025-07-15,Tuesday,1,1
ZEM001 - CT01,7.46,ZEM001,CT01,2025-07-16,Wednesday,1,2
ZEM001 - CT01,7.71,ZEM001,CT01,2025-07-17,Thursday,1,3
ZEM001 - CT01,7.9,ZEM001,CT01,2025-07-18,Friday,1,4
ZEM001 - CT01,7.13,ZEM001,CT01,2025-07-19,Saturday,1,5
ZEM001 - CT01,7.27,ZEM001,CT01,2025-07-20,Sunday,1,6
ZEM001 - CT01,9.94,ZEM001,CT01,2025-07-21,Monday,1,0
ZEM001 - CT01,8.58,ZEM001,CT01,2025-07-22,Tuesday,1,1
ZEM001 - CT01,5.79,ZEM001,CT01,2025-07-23,Wednesday,1,2
